ID,Grade_0,Grade_1,Grade_2,Grade_3,Grade_4,Grade_5,Grade_6,Grade_7,Grade_8,Grade_9,Grade_10,Grade_11,Grade_12,Grade_13,Grade_14,Grade_15,Grade_16,Grade_17,Grade_18,Grade_19,Latitude of the center_0,Latitude of the center_1,Latitude of the center_2,Latitude of the center_3,Latitude of the center_4,Latitude of the center_5,Latitude of the center_6,Latitude of the center_7,Latitude of the center_8,Latitude of the center_9,Latitude of the center_10,Latitude of the center_11,Latitude of the center_12,Latitude of the center_13,Latitude of the center_14,Latitude of the center_15,Latitude of the center_16,Latitude of the center_17,Latitude of the center_18,Latitude of the center_19,Longitude of the center_0,Longitude of the center_1,Longitude of the center_2,Longitude of the center_3,Longitude of the center_4,Longitude of the center_5,Longitude of the center_6,Longitude of the center_7,Longitude of the center_8,Longitude of the center_9,Longitude of the center_10,Longitude of the center_11,Longitude of the center_12,Longitude of the center_13,Longitude of the center_14,Longitude of the center_15,Longitude of the center_16,Longitude of the center_17,Longitude of the center_18,Longitude of the center_19,Central pressure_0,Central pressure_1,Central pressure_2,Central pressure_3,Central pressure_4,Central pressure_5,Central pressure_6,Central pressure_7,Central pressure_8,Central pressure_9,Central pressure_10,Central pressure_11,Central pressure_12,Central pressure_13,Central pressure_14,Central pressure_15,Central pressure_16,Central pressure_17,Central pressure_18,Central pressure_19,Maximum sustained wind speed_0,Maximum sustained wind speed_1,Maximum sustained wind speed_2,Maximum sustained wind speed_3,Maximum sustained wind speed_4,Maximum sustained wind speed_5,Maximum sustained wind speed_6,Maximum sustained wind speed_7,Maximum sustained wind speed_8,Maximum sustained wind speed_9,Maximum sustained wind speed_10,Maximum sustained wind speed_11,Maximum sustained wind speed_12,Maximum sustained wind speed_13,Maximum sustained wind speed_14,Maximum sustained wind speed_15,Maximum sustained wind speed_16,Maximum sustained wind speed_17,Maximum sustained wind speed_18,Maximum sustained wind speed_19,Direction of the longest radius of 50kt winds or greater_0,Direction of the longest radius of 50kt winds or greater_1,Direction of the longest radius of 50kt winds or greater_2,Direction of the longest radius of 50kt winds or greater_3,Direction of the longest radius of 50kt winds or greater_4,Direction of the longest radius of 50kt winds or greater_5,Direction of the longest radius of 50kt winds or greater_6,Direction of the longest radius of 50kt winds or greater_7,Direction of the longest radius of 50kt winds or greater_8,Direction of the longest radius of 50kt winds or greater_9,Direction of the longest radius of 50kt winds or greater_10,Direction of the longest radius of 50kt winds or greater_11,Direction of the longest radius of 50kt winds or greater_12,Direction of the longest radius of 50kt winds or greater_13,Direction of the longest radius of 50kt winds or greater_14,Direction of the longest radius of 50kt winds or greater_15,Direction of the longest radius of 50kt winds or greater_16,Direction of the longest radius of 50kt winds or greater_17,Direction of the longest radius of 50kt winds or greater_18,Direction of the longest radius of 50kt winds or greater_19,The longest radius of 50kt winds or greater_0,The longest radius of 50kt winds or greater_1,The longest radius of 50kt winds or greater_2,The longest radius of 50kt winds or greater_3,The longest radius of 50kt winds or greater_4,The longest radius of 50kt winds or greater_5,The longest radius of 50kt winds or greater_6,The longest radius of 50kt winds or greater_7,The longest radius of 50kt winds or greater_8,The longest radius of 50kt winds or greater_9,The longest radius of 50kt winds or greater_10,The longest radius of 50kt winds or greater_11,The longest radius of 50kt winds or greater_12,The longest radius of 50kt winds or greater_13,The longest radius of 50kt winds or greater_14,The longest radius of 50kt winds or greater_15,The longest radius of 50kt winds or greater_16,The longest radius of 50kt winds or greater_17,The longest radius of 50kt winds or greater_18,The longest radius of 50kt winds or greater_19,The shortest radius of 50kt winds or greater_0,The shortest radius of 50kt winds or greater_1,The shortest radius of 50kt winds or greater_2,The shortest radius of 50kt winds or greater_3,The shortest radius of 50kt winds or greater_4,The shortest radius of 50kt winds or greater_5,The shortest radius of 50kt winds or greater_6,The shortest radius of 50kt winds or greater_7,The shortest radius of 50kt winds or greater_8,The shortest radius of 50kt winds or greater_9,The shortest radius of 50kt winds or greater_10,The shortest radius of 50kt winds or greater_11,The shortest radius of 50kt winds or greater_12,The shortest radius of 50kt winds or greater_13,The shortest radius of 50kt winds or greater_14,The shortest radius of 50kt winds or greater_15,The shortest radius of 50kt winds or greater_16,The shortest radius of 50kt winds or greater_17,The shortest radius of 50kt winds or greater_18,The shortest radius of 50kt winds or greater_19,Direction of the longest radius of 30kt winds or greater_0,Direction of the longest radius of 30kt winds or greater_1,Direction of the longest radius of 30kt winds or greater_2,Direction of the longest radius of 30kt winds or greater_3,Direction of the longest radius of 30kt winds or greater_4,Direction of the longest radius of 30kt winds or greater_5,Direction of the longest radius of 30kt winds or greater_6,Direction of the longest radius of 30kt winds or greater_7,Direction of the longest radius of 30kt winds or greater_8,Direction of the longest radius of 30kt winds or greater_9,Direction of the longest radius of 30kt winds or greater_10,Direction of the longest radius of 30kt winds or greater_11,Direction of the longest radius of 30kt winds or greater_12,Direction of the longest radius of 30kt winds or greater_13,Direction of the longest radius of 30kt winds or greater_14,Direction of the longest radius of 30kt winds or greater_15,Direction of the longest radius of 30kt winds or greater_16,Direction of the longest radius of 30kt winds or greater_17,Direction of the longest radius of 30kt winds or greater_18,Direction of the longest radius of 30kt winds or greater_19,The longest radius of 30kt winds or greater_0,The longest radius of 30kt winds or greater_1,The longest radius of 30kt winds or greater_2,The longest radius of 30kt winds or greater_3,The longest radius of 30kt winds or greater_4,The longest radius of 30kt winds or greater_5,The longest radius of 30kt winds or greater_6,The longest radius of 30kt winds or greater_7,The longest radius of 30kt winds or greater_8,The longest radius of 30kt winds or greater_9,The longest radius of 30kt winds or greater_10,The longest radius of 30kt winds or greater_11,The longest radius of 30kt winds or greater_12,The longest radius of 30kt winds or greater_13,The longest radius of 30kt winds or greater_14,The longest radius of 30kt winds or greater_15,The longest radius of 30kt winds or greater_16,The longest radius of 30kt winds or greater_17,The longest radius of 30kt winds or greater_18,The longest radius of 30kt winds or greater_19,The shortest radius of 30kt winds or greater_0,The shortest radius of 30kt winds or greater_1,The shortest radius of 30kt winds or greater_2,The shortest radius of 30kt winds or greater_3,The shortest radius of 30kt winds or greater_4,The shortest radius of 30kt winds or greater_5,The shortest radius of 30kt winds or greater_6,The shortest radius of 30kt winds or greater_7,The shortest radius of 30kt winds or greater_8,The shortest radius of 30kt winds or greater_9,The shortest radius of 30kt winds or greater_10,The shortest radius of 30kt winds or greater_11,The shortest radius of 30kt winds or greater_12,The shortest radius of 30kt winds or greater_13,The shortest radius of 30kt winds or greater_14,The shortest radius of 30kt winds or greater_15,The shortest radius of 30kt winds or greater_16,The shortest radius of 30kt winds or greater_17,The shortest radius of 30kt winds or greater_18,The shortest radius of 30kt winds or greater_19,Indicator of landfall or passage_0,Indicator of landfall or passage_1,Indicator of landfall or passage_2,Indicator of landfall or passage_3,Indicator of landfall or passage_4,Indicator of landfall or passage_5,Indicator of landfall or passage_6,Indicator of landfall or passage_7,Indicator of landfall or passage_8,Indicator of landfall or passage_9,Indicator of landfall or passage_10,Indicator of landfall or passage_11,Indicator of landfall or passage_12,Indicator of landfall or passage_13,Indicator of landfall or passage_14,Indicator of landfall or passage_15,Indicator of landfall or passage_16,Indicator of landfall or passage_17,Indicator of landfall or passage_18,Indicator of landfall or passage_19
2101,4,4,4,4,4,4,4,5,5,5,5,5,5,5,5,5,5,5,5,5,6.9,6.9,6.8,6.6,6.5,6.5,6.7,7.0,7.3,7.2,7.1,6.9,6.7,6.1,6.1,6.3,6.9,7.3,7.8,8.3,136.9,136.2,135.1,134.2,133.7,133.2,132.7,132.6,132.1,131.9,131.6,131.1,130.4,130.5,130.9,131.3,131.1,130.4,129.7,129.1,1004,1006,1004,1004,1002,1004,1002,1000,998,996,996,996,996,998,998,998,998,1000,1000,1000,0.0,0.0,0.0,0.0,0.0,0.0,0.0,35.0,35.0,40.0,40.0,40.0,40.0,40.0,40.0,40.0,40.0,35.0,35.0,35.0,0,0,0,0,0,0,0,3,3,3,3,3,3,3,3,3,3,3,3,3,0.0,0.0,0.0,0.0,0.0,0.0,0.0,0.0,0.0,0.0,0.0,0.0,0.0,0.0,0.0,0.0,0.0,0.0,0.0,0.0,0.0,0.0,0.0,0.0,0.0,0.0,0.0,0.0,0.0,0.0,0.0,0.0,0.0,0.0,0.0,0.0,0.0,0.0,0.0,0.0,0,0,0,0,0,0,0,5,5,5,5,5,5,5,5,5,5,5,5,5,0.0,0.0,0.0,0.0,0.0,0.0,0.0,210.0,210.0,210.0,210.0,210.0,210.0,300.0,300.0,400.0,400.0,400.0,350.0,350.0,0.0,0.0,0.0,0.0,0.0,0.0,0.0,120.0,120.0,120.0,120.0,120.0,120.0,120.0,120.0,120.0,120.0,120.0,180.0,180.0,0,0,0,0,0,0,0,0,0,0,0,0,0,0,0,0,0,0,0,0
2102,4,4,4,4,5,5,5,5,5,2,2,6,6,6,6,6,6,6,6,6,7.6,7.6,7.7,7.8,7.9,8.1,8.3,8.4,8.5,8.6,8.6,8.6,8.7,8.9,9.2,9.5,10.0,10.7,11.4,12.1,138.0,137.8,137.6,137.4,137.2,137.0,136.9,136.7,136.5,136.3,136.1,135.8,135.3,134.6,133.8,133.1,132.1,131.1,130.1,129.2,1006,1006,1004,1004,1002,1000,998,994,994,990,985,975,970,965,955,950,940,935,925,905,0.0,0.0,0.0,0.0,35.0,40.0,40.0,45.0,45.0,50.0,55.0,65.0,70.0,75.0,80.0,85.0,90.0,95.0,100.0,110.0,0,0,0,0,3,3,3,3,3,3,1,1,1,1,1,1,1,1,1,1,0.0,0.0,0.0,0.0,0.0,0.0,0.0,0.0,0.0,0.0,30.0,40.0,50.0,60.0,60.0,80.0,100.0,120.0,120.0,120.0,0.0,0.0,0.0,0.0,0.0,0.0,0.0,0.0,0.0,0.0,30.0,40.0,50.0,60.0,60.0,80.0,100.0,120.0,120.0,120.0,0,0,0,0,1,1,1,1,1,1,1,1,1,1,1,1,1,1,1,1,0.0,0.0,0.0,0.0,150.0,150.0,150.0,150.0,150.0,150.0,150.0,150.0,210.0,210.0,240.0,240.0,240.0,240.0,240.0,240.0,0.0,0.0,0.0,0.0,150.0,150.0,150.0,150.0,150.0,150.0,150.0,150.0,210.0,210.0,240.0,240.0,240.0,240.0,240.0,240.0,0,0,0,0,0,0,0,0,0,0,0,0,0,0,0,0,0,0,0,0
2102_1,6,6,6,6,6,6,6,6,6,6,6,6,6,6,6,6,6,6,6,6,12.6,13.1,13.4,13.6,13.9,14.2,14.6,14.9,15.2,15.5,15.9,16.4,17.0,17.5,18.2,18.8,19.3,19.7,20.3,20.9,128.4,127.7,127.1,126.8,126.5,126.3,126.3,126.3,126.3,126.1,126.0,125.9,125.5,125.2,125.0,124.8,124.8,124.9,125.4,126.2,895,895,900,910,910,910,920,920,930,935,935,935,935,935,935,935,945,945,945,950,120.0,120.0,115.0,105.0,105.0,105.0,100.0,100.0,95.0,90.0,90.0,90.0,90.0,90.0,90.0,90.0,85.0,85.0,85.0,80.0,1,1,1,1,1,1,1,1,1,1,1,1,1,1,1,1,1,1,1,1,120.0,120.0,120.0,90.0,90.0,90.0,90.0,90.0,90.0,90.0,90.0,90.0,90.0,90.0,90.0,90.0,90.0,90.0,90.0,90.0,120.0,120.0,120.0,90.0,90.0,90.0,90.0,90.0,90.0,90.0,90.0,90.0,90.0,90.0,90.0,90.0,90.0,90.0,90.0,90.0,1,1,1,1,1,1,1,3,3,3,3,3,3,1,1,1,1,1,1,1,240.0,240.0,240.0,240.0,240.0,240.0,240.0,240.0,240.0,240.0,240.0,240.0,240.0,210.0,210.0,210.0,210.0,210.0,210.0,180.0,240.0,240.0,240.0,240.0,240.0,240.0,240.0,210.0,210.0,210.0,210.0,210.0,210.0,210.0,210.0,210.0,210.0,210.0,210.0,180.0,0,0,0,0,0,0,0,0,0,0,0,0,0,0,0,0,0,0,0,0
2102_2,6,6,2,2,2,2,5,5,5,0,0,0,0,0,0,0,0,0,0,0,21.6,22.8,23.1,23.4,23.4,23.0,22.7,22.2,21.7,21.8,22.3,23.9,25.7,28.9,33.5,37.1,40.1,42.5,44.0,45.8,127.2,128.5,128.9,129.8,130.5,131.2,131.8,132.8,134.1,136.2,138.2,141.0,144.9,149.4,153.5,156.5,157.7,159.3,161.1,162.3,960,970,975,980,985,985,990,994,996,996,992,992,990,988,982,970,950,944,948,952,75.0,65.0,60.0,55.0,50.0,50.0,45.0,40.0,35.0,0.0,0.0,0.0,0.0,0.0,0.0,0.0,0.0,0.0,0.0,0.0,1,1,1,1,3,3,3,3,3,0,0,0,0,0,0,0,0,0,0,0,90.0,90.0,90.0,90.0,0.0,0.0,0.0,0.0,0.0,0.0,0.0,0.0,0.0,0.0,0.0,0.0,0.0,0.0,0.0,0.0,90.0,90.0,90.0,90.0,0.0,0.0,0.0,0.0,0.0,0.0,0.0,0.0,0.0,0.0,0.0,0.0,0.0,0.0,0.0,0.0,1,1,1,1,1,1,1,1,1,0,0,0,0,0,0,0,0,0,0,0,180.0,180.0,180.0,180.0,180.0,180.0,210.0,210.0,210.0,0.0,0.0,0.0,0.0,0.0,0.0,0.0,0.0,0.0,0.0,0.0,180.0,180.0,180.0,180.0,180.0,180.0,210.0,210.0,210.0,0.0,0.0,0.0,0.0,0.0,0.0,0.0,0.0,0.0,0.0,0.0,0,0,0,0,0,0,0,0,0,0,0,0,0,0,0,0,0,0,0,0
2103,4,4,4,4,4,4,4,5,5,5,5,5,5,5,5,5,5,5,5,5,6.4,6.0,5.8,5.8,5.9,6.0,6.6,7.2,8.1,9.1,9.5,9.7,10.0,11.1,11.7,11.8,12.6,13.2,13.5,14.9,137.1,135.8,135.1,134.3,133.5,132.9,132.5,131.6,131.1,130.0,129.1,128.3,127.3,126.8,125.6,123.6,122.3,121.7,120.7,119.5,1004,1004,1004,1004,1004,1002,1002,1000,1000,1000,1000,998,998,998,998,1000,1000,1000,1000,1000,0.0,0.0,0.0,0.0,0.0,0.0,0.0,35.0,35.0,35.0,35.0,40.0,40.0,35.0,35.0,35.0,35.0,35.0,35.0,35.0,0,0,0,0,0,0,0,3,3,3,3,3,3,3,3,3,3,3,3,3,0.0,0.0,0.0,0.0,0.0,0.0,0.0,0.0,0.0,0.0,0.0,0.0,0.0,0.0,0.0,0.0,0.0,0.0,0.0,0.0,0.0,0.0,0.0,0.0,0.0,0.0,0.0,0.0,0.0,0.0,0.0,0.0,0.0,0.0,0.0,0.0,0.0,0.0,0.0,0.0,0,0,0,0,0,0,0,6,6,6,8,8,8,8,8,8,8,8,8,8,0.0,0.0,0.0,0.0,0.0,0.0,0.0,150.0,150.0,150.0,150.0,150.0,150.0,150.0,150.0,90.0,90.0,90.0,90.0,90.0,0.0,0.0,0.0,0.0,0.0,0.0,0.0,60.0,60.0,60.0,60.0,60.0,60.0,60.0,60.0,60.0,60.0,60.0,60.0,60.0,0,0,0,0,0,0,0,0,0,0,0,0,0,0,0,0,0,0,0,0
2105,4,4,4,4,4,4,4,4,4,4,4,4,5,5,5,5,2,2,2,2,9.9,10.1,10.6,11.1,11.6,11.8,12.1,12.6,13.4,14.3,14.6,15.3,16.1,17.1,17.7,17.9,18.5,19.0,19.6,20.2,150.9,150.3,149.5,148.3,147.8,147.1,145.8,144.8,143.6,142.6,141.9,141.3,141.3,141.1,140.7,140.2,140.1,139.8,139.7,139.6,1010,1008,1010,1008,1010,1008,1010,1010,1010,1008,1008,1006,1002,1000,998,998,992,992,992,990,0.0,0.0,0.0,0.0,0.0,0.0,0.0,0.0,0.0,0.0,0.0,0.0,35.0,40.0,45.0,45.0,50.0,50.0,50.0,55.0,0,0,0,0,0,0,0,0,0,0,0,0,3,3,3,3,3,3,3,1,0.0,0.0,0.0,0.0,0.0,0.0,0.0,0.0,0.0,0.0,0.0,0.0,0.0,0.0,0.0,0.0,0.0,0.0,0.0,25.0,0.0,0.0,0.0,0.0,0.0,0.0,0.0,0.0,0.0,0.0,0.0,0.0,0.0,0.0,0.0,0.0,0.0,0.0,0.0,25.0,0,0,0,0,0,0,0,0,0,0,0,0,2,2,2,2,2,2,2,1,0.0,0.0,0.0,0.0,0.0,0.0,0.0,0.0,0.0,0.0,0.0,0.0,80.0,120.0,150.0,150.0,150.0,150.0,150.0,150.0,0.0,0.0,0.0,0.0,0.0,0.0,0.0,0.0,0.0,0.0,0.0,0.0,40.0,80.0,120.0,120.0,120.0,120.0,120.0,150.0,0,0,0,0,0,0,0,0,0,0,0,0,0,0,0,0,0,0,0,0
2106,4,4,4,4,4,4,4,5,5,5,5,5,5,2,2,2,2,2,2,2,16.6,16.9,17.5,18.5,19.5,20.7,21.2,21.6,22.1,22.6,22.9,23.4,23.7,23.9,24.0,24.0,24.2,24.5,24.6,24.7,135.1,135.3,135.4,135.3,135.3,134.3,133.9,133.5,133.0,132.5,132.2,132.1,132.1,131.9,131.7,131.6,131.2,130.8,130.3,129.8,1006,1006,1004,1004,1004,1002,1000,998,998,998,996,996,992,990,990,990,990,985,985,980,0.0,0.0,0.0,0.0,0.0,0.0,0.0,35.0,35.0,35.0,40.0,40.0,45.0,50.0,50.0,50.0,50.0,55.0,55.0,60.0,0,0,0,0,0,0,0,3,3,3,3,3,3,3,3,3,3,5,5,5,0.0,0.0,0.0,0.0,0.0,0.0,0.0,0.0,0.0,0.0,0.0,0.0,0.0,0.0,0.0,0.0,0.0,120.0,120.0,120.0,0.0,0.0,0.0,0.0,0.0,0.0,0.0,0.0,0.0,0.0,0.0,0.0,0.0,0.0,0.0,0.0,0.0,80.0,80.0,80.0,0,0,0,0,0,0,0,6,6,6,6,7,7,7,7,7,7,4,2,4,0.0,0.0,0.0,0.0,0.0,0.0,0.0,240.0,300.0,300.0,325.0,325.0,325.0,325.0,325.0,325.0,325.0,325.0,325.0,325.0,0.0,0.0,0.0,0.0,0.0,0.0,0.0,150.0,150.0,150.0,180.0,180.0,180.0,180.0,180.0,210.0,210.0,210.0,210.0,210.0,0,0,0,0,0,0,0,0,0,0,0,0,0,0,0,0,0,0,0,0
2106_1,2,6,6,6,6,6,6,6,6,6,6,6,6,6,6,6,6,6,6,6,24.7,24.6,24.4,24.2,24.2,24.2,24.2,24.2,24.2,24.0,23.8,23.7,23.5,23.3,23.4,23.5,23.5,23.6,23.7,23.7,129.4,129.0,128.4,128.2,128.0,127.9,127.6,127.2,126.9,126.6,126.4,126.2,126.0,126.0,125.9,125.8,125.8,125.8,125.7,125.5,980,975,975,970,970,965,965,965,965,955,955,950,950,950,950,950,950,955,955,960,60.0,65.0,65.0,70.0,70.0,75.0,75.0,75.0,75.0,80.0,80.0,85.0,85.0,85.0,85.0,85.0,85.0,80.0,80.0,75.0,5,1,1,1,1,1,1,1,1,1,1,1,1,1,1,1,1,1,1,1,120.0,90.0,90.0,90.0,90.0,70.0,70.0,70.0,70.0,70.0,70.0,70.0,70.0,70.0,70.0,70.0,70.0,70.0,70.0,70.0,80.0,90.0,90.0,90.0,90.0,70.0,70.0,70.0,70.0,70.0,70.0,70.0,70.0,70.0,70.0,70.0,70.0,70.0,70.0,70.0,4,3,3,3,3,3,3,3,3,3,3,3,3,1,1,1,1,1,1,1,325.0,325.0,325.0,325.0,325.0,325.0,325.0,325.0,325.0,325.0,325.0,325.0,325.0,270.0,270.0,270.0,270.0,270.0,270.0,270.0,210.0,210.0,210.0,210.0,210.0,210.0,210.0,210.0,210.0,210.0,240.0,240.0,240.0,270.0,270.0,270.0,270.0,270.0,270.0,270.0,0,0,0,0,0,0,0,0,0,0,0,0,0,0,0,0,0,0,0,0
2106_2,6,6,6,6,6,6,6,6,6,6,6,6,6,6,6,6,6,2,2,2,23.8,24.3,24.5,24.6,24.7,24.8,25.2,25.5,26.0,26.5,26.8,27.2,27.6,28.1,28.7,29.7,30.0,30.1,30.3,30.6,125.5,125.4,125.3,125.1,125.1,125.1,125.1,125.0,124.9,124.7,124.5,124.4,124.2,124.1,123.7,123.1,122.5,122.1,121.6,121.1,960,960,960,960,960,960,965,965,965,960,960,960,960,960,960,970,970,975,980,985,75.0,75.0,75.0,75.0,75.0,75.0,70.0,70.0,70.0,75.0,75.0,75.0,75.0,75.0,75.0,65.0,65.0,60.0,55.0,50.0,1,1,1,1,1,5,5,2,2,2,2,2,2,2,1,1,1,1,1,3,70.0,70.0,70.0,70.0,70.0,90.0,90.0,120.0,120.0,120.0,150.0,150.0,150.0,120.0,80.0,80.0,80.0,60.0,40.0,0.0,70.0,70.0,70.0,70.0,70.0,70.0,70.0,70.0,70.0,80.0,80.0,80.0,80.0,80.0,80.0,80.0,80.0,60.0,40.0,0.0,1,1,3,3,3,3,3,3,3,1,1,1,1,2,2,2,2,2,2,2,270.0,270.0,325.0,325.0,325.0,325.0,325.0,325.0,325.0,325.0,325.0,325.0,325.0,325.0,325.0,325.0,325.0,325.0,300.0,200.0,270.0,270.0,270.0,270.0,270.0,270.0,270.0,300.0,300.0,325.0,325.0,325.0,325.0,240.0,240.0,240.0,240.0,240.0,210.0,140.0,0,0,0,0,0,0,0,0,0,0,0,0,0,0,0,0,0,0,0,0
2106_3,2,5,5,5,5,5,4,4,4,4,4,4,4,4,0,0,0,0,0,0,30.9,30.7,31.0,31.2,31.3,31.6,32.2,32.5,32.7,33.3,33.8,35.1,35.7,37.1,38.1,38.5,38.9,39.1,39.6,40.2,121.0,120.4,119.9,119.5,119.1,118.9,117.9,117.3,117.0,116.9,116.9,117.1,117.2,118.1,118.5,119.0,119.4,119.8,120.4,121.0,985,985,985,985,985,985,990,990,990,990,990,990,992,992,992,992,992,994,994,994,50.0,45.0,40.0,40.0,35.0,35.0,0.0,0.0,0.0,0.0,0.0,0.0,0.0,0.0,0.0,0.0,0.0,0.0,0.0,0.0,3,3,3,3,3,3,0,0,0,0,0,0,0,0,0,0,0,0,0,0,0.0,0.0,0.0,0.0,0.0,0.0,0.0,0.0,0.0,0.0,0.0,0.0,0.0,0.0,0.0,0.0,0.0,0.0,0.0,0.0,0.0,0.0,0.0,0.0,0.0,0.0,0.0,0.0,0.0,0.0,0.0,0.0,0.0,0.0,0.0,0.0,0.0,0.0,0.0,0.0,2,2,2,2,2,2,0,0,0,0,0,0,0,0,0,0,0,0,0,0,200.0,200.0,200.0,200.0,200.0,200.0,0.0,0.0,0.0,0.0,0.0,0.0,0.0,0.0,0.0,0.0,0.0,0.0,0.0,0.0,100.0,100.0,100.0,100.0,100.0,100.0,0.0,0.0,0.0,0.0,0.0,0.0,0.0,0.0,0.0,0.0,0.0,0.0,0.0,0.0,0,0,0,0,0,0,0,0,0,0,0,0,0,0,0,0,0,0,0,0
2107,4,4,4,4,4,4,4,5,5,2,2,6,6,6,2,2,5,5,5,5,18.9,19.4,19.7,19.9,20.3,20.7,20.9,20.9,20.9,21.0,21.1,21.2,21.3,21.4,21.6,21.8,21.9,22.1,22.2,22.3,117.1,116.8,116.3,115.8,115.4,114.8,114.1,113.6,113.2,112.9,112.7,112.5,112.4,112.3,112.1,111.5,111.0,110.5,110.0,109.5,1004,1002,1002,1002,1002,1000,1000,998,994,992,990,985,980,980,990,992,996,998,998,998,0.0,0.0,0.0,0.0,0.0,0.0,0.0,35.0,45.0,50.0,55.0,65.0,70.0,70.0,60.0,50.0,40.0,35.0,35.0,35.0,0,0,0,0,0,0,0,3,3,3,1,1,1,1,1,3,3,3,3,3,0.0,0.0,0.0,0.0,0.0,0.0,0.0,0.0,0.0,0.0,30.0,30.0,30.0,30.0,30.0,0.0,0.0,0.0,0.0,0.0,0.0,0.0,0.0,0.0,0.0,0.0,0.0,0.0,0.0,0.0,30.0,30.0,30.0,30.0,30.0,0.0,0.0,0.0,0.0,0.0,0,0,0,0,0,0,0,1,1,1,1,1,1,2,2,1,1,1,1,1,0.0,0.0,0.0,0.0,0.0,0.0,0.0,120.0,120.0,120.0,120.0,120.0,120.0,120.0,120.0,90.0,90.0,90.0,90.0,90.0,0.0,0.0,0.0,0.0,0.0,0.0,0.0,120.0,120.0,120.0,120.0,120.0,120.0,90.0,90.0,90.0,90.0,90.0,90.0,90.0,0,0,0,0,0,0,0,0,0,0,0,0,0,0,0,0,0,0,0,0
2108,4,4,4,4,5,5,5,5,5,5,5,5,5,5,5,5,5,5,5,5,21.5,21.8,22.4,23.4,24.2,25.1,25.4,26.1,27.6,28.4,29.6,30.2,31.1,32.8,33.9,34.5,34.4,34.3,34.9,35.7,146.1,147.0,147.9,148.5,148.8,149.3,149.7,150.1,150.6,150.6,150.7,150.4,149.8,149.3,147.7,145.5,143.7,142.9,142.6,142.4,1002,1000,1002,1000,998,998,996,996,994,994,994,992,992,992,992,992,992,990,990,990,0.0,0.0,0.0,0.0,35.0,35.0,35.0,35.0,40.0,40.0,40.0,40.0,40.0,40.0,40.0,40.0,40.0,40.0,40.0,40.0,0,0,0,0,3,3,3,3,3,3,3,3,3,3,3,3,3,3,3,3,0.0,0.0,0.0,0.0,0.0,0.0,0.0,0.0,0.0,0.0,0.0,0.0,0.0,0.0,0.0,0.0,0.0,0.0,0.0,0.0,0.0,0.0,0.0,0.0,0.0,0.0,0.0,0.0,0.0,0.0,0.0,0.0,0.0,0.0,0.0,0.0,0.0,0.0,0.0,0.0,0,0,0,0,2,2,7,7,7,7,7,7,2,2,2,2,4,4,1,1,0.0,0.0,0.0,0.0,270.0,270.0,325.0,325.0,350.0,350.0,375.0,375.0,375.0,325.0,325.0,325.0,270.0,270.0,210.0,210.0,0.0,0.0,0.0,0.0,150.0,150.0,210.0,210.0,210.0,210.0,210.0,210.0,210.0,210.0,210.0,210.0,210.0,210.0,210.0,210.0,0,0,0,0,0,0,0,0,0,0,0,0,0,0,0,0,0,0,0,0
2109,4,4,4,4,4,4,5,5,5,5,5,5,5,5,5,5,5,5,5,5,21.1,21.3,21.5,21.5,21.2,21.0,21.2,21.5,21.7,22.3,23.3,23.5,23.9,24.0,24.2,24.7,24.9,25.1,25.1,26.1,111.8,112.4,113.3,113.4,114.1,114.7,115.4,115.5,116.1,116.6,117.0,116.9,117.2,117.5,118.1,118.8,119.6,120.0,120.7,122.9,996,996,996,996,996,996,994,992,990,990,990,990,992,992,992,992,994,994,994,994,0.0,0.0,0.0,0.0,0.0,0.0,35.0,35.0,40.0,40.0,40.0,40.0,40.0,40.0,40.0,40.0,35.0,35.0,35.0,35.0,0,0,0,0,0,0,3,3,3,3,3,3,3,3,3,3,3,3,3,3,0.0,0.0,0.0,0.0,0.0,0.0,0.0,0.0,0.0,0.0,0.0,0.0,0.0,0.0,0.0,0.0,0.0,0.0,0.0,0.0,0.0,0.0,0.0,0.0,0.0,0.0,0.0,0.0,0.0,0.0,0.0,0.0,0.0,0.0,0.0,0.0,0.0,0.0,0.0,0.0,0,0,0,0,0,0,6,6,6,6,6,1,1,1,8,8,6,6,6,6,0.0,0.0,0.0,0.0,0.0,0.0,210.0,210.0,210.0,210.0,210.0,150.0,150.0,150.0,270.0,270.0,270.0,270.0,270.0,270.0,0.0,0.0,0.0,0.0,0.0,0.0,150.0,150.0,150.0,150.0,150.0,150.0,150.0,150.0,150.0,150.0,150.0,150.0,150.0,150.0,0,0,0,0,0,0,0,0,0,0,0,0,0,0,0,0,0,0,0,0
2109_1,5,5,5,5,5,5,5,5,0,0,0,0,0,0,0,0,0,0,0,0,27.5,28.3,29.3,30.0,31.3,31.5,33.9,34.4,35.4,36.6,37.9,39.1,39.8,40.7,40.9,41.4,42.1,42.5,42.9,43.2,124.5,125.8,127.0,129.0,130.4,130.9,132.3,132.5,133.8,135.0,136.3,138.2,140.9,143.3,145.7,148.2,150.8,153.4,155.7,157.7,994,992,990,990,988,988,984,984,982,982,984,984,988,988,988,988,988,984,984,984,35.0,40.0,40.0,40.0,40.0,40.0,45.0,45.0,0.0,0.0,0.0,0.0,0.0,0.0,0.0,0.0,0.0,0.0,0.0,0.0,3,3,3,3,3,3,3,3,0,0,0,0,0,0,0,0,0,0,0,0,0.0,0.0,0.0,0.0,0.0,0.0,0.0,0.0,0.0,0.0,0.0,0.0,0.0,0.0,0.0,0.0,0.0,0.0,0.0,0.0,0.0,0.0,0.0,0.0,0.0,0.0,0.0,0.0,0.0,0.0,0.0,0.0,0.0,0.0,0.0,0.0,0.0,0.0,0.0,0.0,6,6,7,7,7,7,7,7,0,0,0,0,0,0,0,0,0,0,0,0,270.0,270.0,270.0,270.0,325.0,325.0,325.0,325.0,0.0,0.0,0.0,0.0,0.0,0.0,0.0,0.0,0.0,0.0,0.0,0.0,150.0,150.0,150.0,150.0,180.0,180.0,180.0,180.0,0.0,0.0,0.0,0.0,0.0,0.0,0.0,0.0,0.0,0.0,0.0,0.0,0,0,0,0,1,0,0,1,0,0,0,0,0,0,0,0,0,0,0,0
2110,4,4,4,4,4,4,4,4,5,5,5,5,5,5,5,5,5,5,2,2,23.8,23.8,24.0,24.4,25.2,25.5,25.9,26.0,26.9,26.9,26.9,26.9,27.4,27.7,28.5,29.4,30.8,31.9,33.2,34.2,124.5,125.2,125.7,125.6,125.5,126.9,127.4,127.4,128.1,128.6,130.0,131.0,133.6,134.8,136.6,137.6,138.5,138.9,139.5,140.7,998,1000,998,1000,998,998,996,996,992,992,992,992,990,990,990,990,985,985,980,980,0.0,0.0,0.0,0.0,0.0,0.0,0.0,0.0,35.0,40.0,40.0,40.0,40.0,40.0,40.0,40.0,45.0,45.0,50.0,50.0,0,0,0,0,0,0,0,0,3,3,3,3,3,3,3,3,3,3,3,3,0.0,0.0,0.0,0.0,0.0,0.0,0.0,0.0,0.0,0.0,0.0,0.0,0.0,0.0,0.0,0.0,0.0,0.0,0.0,0.0,0.0,0.0,0.0,0.0,0.0,0.0,0.0,0.0,0.0,0.0,0.0,0.0,0.0,0.0,0.0,0.0,0.0,0.0,0.0,0.0,0,0,0,0,0,0,0,0,7,7,7,6,6,6,6,7,7,7,7,6,0.0,0.0,0.0,0.0,0.0,0.0,0.0,0.0,150.0,150.0,240.0,240.0,240.0,240.0,240.0,240.0,240.0,240.0,240.0,240.0,0.0,0.0,0.0,0.0,0.0,0.0,0.0,0.0,120.0,120.0,120.0,120.0,120.0,120.0,120.0,120.0,120.0,120.0,120.0,120.0,0,0,0,0,0,0,0,0,0,0,0,0,0,0,0,0,0,0,0,0
2111,4,4,5,5,5,5,5,5,5,5,2,2,2,2,2,2,2,2,0,0,20.8,22.9,25.1,27.1,28.8,30.3,31.5,32.7,33.5,34.5,35.4,36.4,36.8,37.8,38.7,39.0,39.2,39.8,39.9,40.2,144.4,146.0,146.6,147.2,147.1,147.4,147.6,147.7,148.0,148.6,149.8,151.4,153.2,155.5,158.0,160.0,163.0,166.7,169.0,172.0,1004,1004,1002,1002,1000,1000,998,998,998,998,996,996,996,992,992,992,996,996,998,1000,0.0,0.0,35.0,35.0,40.0,40.0,45.0,45.0,45.0,45.0,50.0,50.0,50.0,55.0,55.0,55.0,50.0,50.0,0.0,0.0,0,0,3,3,3,3,3,3,3,3,3,3,3,1,1,1,3,3,0,0,0.0,0.0,0.0,0.0,0.0,0.0,0.0,0.0,0.0,0.0,0.0,0.0,0.0,30.0,30.0,30.0,0.0,0.0,0.0,0.0,0.0,0.0,0.0,0.0,0.0,0.0,0.0,0.0,0.0,0.0,0.0,0.0,0.0,30.0,30.0,30.0,0.0,0.0,0.0,0.0,0,0,7,7,7,7,7,7,7,7,7,7,7,6,6,6,6,6,0,0,0.0,0.0,210.0,240.0,270.0,270.0,240.0,240.0,240.0,210.0,180.0,180.0,180.0,180.0,180.0,180.0,180.0,240.0,0.0,0.0,0.0,0.0,90.0,90.0,90.0,90.0,90.0,90.0,90.0,90.0,90.0,90.0,90.0,90.0,90.0,90.0,90.0,120.0,0.0,0.0,0,0,0,0,0,0,0,0,0,0,0,0,0,0,0,0,0,0,0,0
2112,4,4,4,4,4,4,4,4,5,5,5,5,5,5,5,5,5,5,5,5,15.4,16.1,16.7,17.6,18.2,18.7,18.9,18.9,19.1,19.9,21.5,22.0,22.8,23.4,23.9,24.3,24.7,25.1,25.9,27.2,138.4,136.9,135.5,134.0,133.2,132.3,131.5,130.8,130.2,129.7,128.4,127.7,127.0,126.5,126.1,125.9,125.6,125.3,125.0,124.9,1008,1006,1008,1006,1008,1006,1008,1008,1004,1002,1000,1000,998,996,994,994,994,994,996,996,0.0,0.0,0.0,0.0,0.0,0.0,0.0,0.0,35.0,35.0,40.0,40.0,45.0,45.0,45.0,45.0,45.0,45.0,40.0,40.0,0,0,0,0,0,0,0,0,3,3,3,3,3,3,3,3,3,3,3,3,0.0,0.0,0.0,0.0,0.0,0.0,0.0,0.0,0.0,0.0,0.0,0.0,0.0,0.0,0.0,0.0,0.0,0.0,0.0,0.0,0.0,0.0,0.0,0.0,0.0,0.0,0.0,0.0,0.0,0.0,0.0,0.0,0.0,0.0,0.0,0.0,0.0,0.0,0.0,0.0,0,0,0,0,0,0,0,0,1,1,2,2,2,2,2,2,2,2,2,2,0.0,0.0,0.0,0.0,0.0,0.0,0.0,0.0,60.0,60.0,90.0,90.0,90.0,90.0,90.0,120.0,120.0,120.0,120.0,120.0,0.0,0.0,0.0,0.0,0.0,0.0,0.0,0.0,60.0,60.0,60.0,60.0,60.0,60.0,60.0,60.0,60.0,60.0,60.0,60.0,0,0,0,0,0,0,0,0,0,0,0,0,0,0,0,0,0,0,0,0
2112_1,5,5,5,5,0,0,0,0,0,0,0,0,0,0,0,0,0,0,0,0,29.0,31.3,33.6,36.0,37.6,39.0,39.9,40.6,41.2,41.8,42.4,43.5,44.9,46.0,46.8,47.7,47.8,48.1,48.3,48.9,125.3,125.7,127.0,129.7,131.4,132.3,132.9,134.9,136.4,137.6,138.6,139.8,141.4,143.6,144.9,146.5,148.2,149.4,152.4,153.4,996,998,998,998,998,998,998,998,1000,1002,1004,1004,1006,1004,1002,1002,1000,1000,1000,1000,40.0,35.0,35.0,35.0,0.0,0.0,0.0,0.0,0.0,0.0,0.0,0.0,0.0,0.0,0.0,0.0,0.0,0.0,0.0,0.0,3,3,3,3,0,0,0,0,0,0,0,0,0,0,0,0,0,0,0,0,0.0,0.0,0.0,0.0,0.0,0.0,0.0,0.0,0.0,0.0,0.0,0.0,0.0,0.0,0.0,0.0,0.0,0.0,0.0,0.0,0.0,0.0,0.0,0.0,0.0,0.0,0.0,0.0,0.0,0.0,0.0,0.0,0.0,0.0,0.0,0.0,0.0,0.0,0.0,0.0,2,2,2,2,0,0,0,0,0,0,0,0,0,0,0,0,0,0,0,0,120.0,120.0,120.0,120.0,0.0,0.0,0.0,0.0,0.0,0.0,0.0,0.0,0.0,0.0,0.0,0.0,0.0,0.0,0.0,0.0,60.0,60.0,60.0,60.0,0.0,0.0,0.0,0.0,0.0,0.0,0.0,0.0,0.0,0.0,0.0,0.0,0.0,0.0,0.0,0.0,0,0,0,0,0,0,0,0,0,0,0,0,0,0,0,0,0,0,0,0
2113,4,4,4,5,5,2,2,5,5,5,5,5,5,5,5,5,5,2,2,2,9.8,10.0,10.0,10.3,10.8,11.1,11.7,12.1,12.4,12.9,13.2,13.7,14.2,15.0,15.4,15.4,15.8,15.8,15.9,15.6,130.2,129.6,128.6,127.8,126.8,126.0,124.9,124.2,123.6,122.6,122.1,121.6,120.7,120.1,119.1,118.2,117.0,115.1,114.1,113.0,1006,1006,1004,1002,998,994,994,998,998,998,998,998,998,998,998,994,994,992,992,992,0.0,0.0,0.0,35.0,45.0,50.0,50.0,45.0,45.0,45.0,45.0,45.0,45.0,45.0,45.0,45.0,45.0,50.0,50.0,50.0,0,0,0,3,3,3,3,3,3,3,3,3,3,3,3,3,3,3,3,3,0.0,0.0,0.0,0.0,0.0,0.0,0.0,0.0,0.0,0.0,0.0,0.0,0.0,0.0,0.0,0.0,0.0,0.0,0.0,0.0,0.0,0.0,0.0,0.0,0.0,0.0,0.0,0.0,0.0,0.0,0.0,0.0,0.0,0.0,0.0,0.0,0.0,0.0,0.0,0.0,0,0,0,1,1,1,1,1,1,1,1,1,1,1,5,5,5,5,5,5,0.0,0.0,0.0,90.0,90.0,90.0,90.0,90.0,90.0,90.0,90.0,90.0,90.0,90.0,120.0,180.0,180.0,180.0,180.0,150.0,0.0,0.0,0.0,90.0,90.0,90.0,90.0,90.0,90.0,90.0,90.0,90.0,90.0,90.0,90.0,90.0,90.0,90.0,90.0,90.0,0,0,0,0,0,0,0,0,0,0,0,0,0,0,0,0,0,0,0,0
2114,4,4,4,4,4,5,5,5,2,6,6,6,6,6,6,6,6,6,6,6,12.4,13.0,13.4,13.5,13.9,14.6,15.3,15.7,16.1,16.3,16.3,16.0,15.7,15.6,15.4,15.5,15.8,16.1,16.6,17.1,140.5,139.9,139.5,139.0,138.6,138.0,137.4,136.4,135.6,134.5,133.5,132.4,131.4,130.3,129.1,128.0,127.1,125.9,124.9,124.1,1006,1008,1006,1006,1004,1002,1000,994,990,980,960,950,940,940,935,935,935,935,935,930,0.0,0.0,0.0,0.0,0.0,35.0,35.0,45.0,55.0,65.0,80.0,90.0,95.0,95.0,100.0,100.0,100.0,100.0,100.0,105.0,0,0,0,0,0,3,3,3,1,1,1,1,1,1,1,1,1,1,1,1,0.0,0.0,0.0,0.0,0.0,0.0,0.0,0.0,25.0,30.0,45.0,45.0,45.0,45.0,45.0,45.0,45.0,45.0,45.0,45.0,0.0,0.0,0.0,0.0,0.0,0.0,0.0,0.0,25.0,30.0,45.0,45.0,45.0,45.0,45.0,45.0,45.0,45.0,45.0,45.0,0,0,0,0,0,1,1,1,1,1,1,1,1,1,1,1,1,1,1,2,0.0,0.0,0.0,0.0,0.0,60.0,60.0,60.0,60.0,60.0,90.0,90.0,90.0,90.0,90.0,90.0,90.0,90.0,90.0,120.0,0.0,0.0,0.0,0.0,0.0,60.0,60.0,60.0,60.0,60.0,90.0,90.0,90.0,90.0,90.0,90.0,90.0,90.0,90.0,90.0,0,0,0,0,0,0,0,0,0,0,0,0,0,0,0,0,0,0,0,0
2114_1,6,6,6,6,6,6,6,6,6,6,6,6,6,6,6,6,6,6,6,2,17.8,18.7,19.5,20.3,21.0,21.8,22.8,23.3,23.8,24.6,25.2,25.7,26.2,27.6,29.1,30.7,30.9,31.4,31.3,30.9,123.5,122.9,122.3,121.9,121.5,121.8,122.0,122.1,122.3,122.4,122.3,122.4,122.6,123.0,123.5,123.3,123.2,123.5,123.8,124.2,910,910,905,905,910,920,935,935,935,940,950,955,960,955,955,960,970,975,980,985,115.0,115.0,115.0,115.0,110.0,105.0,100.0,100.0,100.0,95.0,90.0,85.0,80.0,85.0,85.0,80.0,75.0,70.0,65.0,55.0,1,1,1,1,1,1,1,1,8,8,8,8,1,1,1,1,1,1,1,1,60.0,60.0,60.0,60.0,60.0,60.0,60.0,60.0,80.0,80.0,80.0,80.0,50.0,50.0,40.0,40.0,40.0,40.0,30.0,30.0,60.0,60.0,60.0,60.0,60.0,60.0,60.0,60.0,60.0,60.0,60.0,60.0,50.0,50.0,40.0,40.0,40.0,40.0,30.0,30.0,2,2,2,2,2,2,2,2,2,1,1,1,2,2,2,2,2,2,2,2,240.0,350.0,350.0,350.0,350.0,350.0,350.0,350.0,300.0,300.0,300.0,300.0,350.0,350.0,270.0,270.0,270.0,270.0,270.0,270.0,120.0,150.0,150.0,150.0,150.0,150.0,150.0,150.0,250.0,300.0,300.0,300.0,210.0,210.0,180.0,180.0,180.0,180.0,180.0,180.0,0,0,0,0,0,0,0,0,0,0,0,0,0,0,0,0,0,0,0,0
2114_2,2,5,5,5,5,2,2,2,2,2,2,2,2,2,2,2,5,5,5,5,30.5,30.2,30.3,30.4,30.2,30.2,30.4,31.1,31.7,31.9,32.3,32.6,32.9,33.3,33.5,33.8,33.8,33.8,33.8,34.0,124.7,125.1,125.7,125.9,125.7,125.3,125.0,125.3,125.8,126.0,126.4,126.8,127.5,128.3,129.2,130.2,131.6,132.5,134.1,135.1,990,992,992,992,992,990,990,990,990,990,990,990,990,990,990,990,992,994,994,996,50.0,45.0,45.0,45.0,45.0,50.0,50.0,50.0,50.0,50.0,50.0,50.0,50.0,50.0,50.0,50.0,45.0,45.0,45.0,40.0,3,3,3,3,3,3,3,3,3,3,3,3,3,3,3,3,3,3,3,3,0.0,0.0,0.0,0.0,0.0,0.0,0.0,0.0,0.0,0.0,0.0,0.0,0.0,0.0,0.0,0.0,0.0,0.0,0.0,0.0,0.0,0.0,0.0,0.0,0.0,0.0,0.0,0.0,0.0,0.0,0.0,0.0,0.0,0.0,0.0,0.0,0.0,0.0,0.0,0.0,4,4,4,4,4,4,4,4,4,4,4,4,4,4,4,4,4,4,1,1,270.0,270.0,270.0,270.0,270.0,270.0,270.0,270.0,210.0,210.0,210.0,210.0,210.0,210.0,210.0,210.0,210.0,210.0,180.0,180.0,180.0,180.0,180.0,180.0,150.0,150.0,150.0,150.0,180.0,180.0,180.0,180.0,180.0,180.0,180.0,180.0,180.0,180.0,180.0,180.0,0,0,0,0,0,0,0,0,0,0,0,0,0,0,0,1,0,1,0,1
2116,4,4,4,4,5,5,5,5,2,2,6,6,6,6,6,6,6,6,6,6,11.2,12.0,12.7,13.3,13.6,14.1,14.5,15.2,15.9,16.6,17.1,17.7,18.2,18.5,18.6,18.8,19.0,19.4,19.6,19.9,148.6,147.7,146.2,144.5,143.3,142.0,141.1,140.3,139.3,138.6,138.1,137.7,137.4,137.0,136.8,136.7,136.7,136.7,136.7,136.6,1008,1006,1006,1004,1002,1002,998,994,992,985,975,960,955,955,935,920,920,920,935,950,0.0,0.0,0.0,0.0,35.0,35.0,40.0,45.0,50.0,60.0,70.0,80.0,85.0,85.0,100.0,105.0,105.0,105.0,95.0,85.0,0,0,0,0,3,3,3,3,3,1,1,1,1,1,1,1,1,1,1,1,0.0,0.0,0.0,0.0,0.0,0.0,0.0,0.0,0.0,25.0,30.0,45.0,50.0,50.0,70.0,80.0,80.0,80.0,80.0,80.0,0.0,0.0,0.0,0.0,0.0,0.0,0.0,0.0,0.0,25.0,30.0,45.0,50.0,50.0,70.0,80.0,80.0,80.0,80.0,80.0,0,0,0,0,4,4,4,4,4,4,4,4,4,4,2,2,7,7,7,7,0.0,0.0,0.0,0.0,180.0,180.0,150.0,150.0,180.0,180.0,180.0,180.0,210.0,210.0,240.0,240.0,270.0,270.0,325.0,325.0,0.0,0.0,0.0,0.0,60.0,60.0,90.0,90.0,120.0,120.0,120.0,120.0,150.0,150.0,180.0,180.0,210.0,210.0,240.0,240.0,0,0,0,0,0,0,0,0,0,0,0,0,0,0,0,0,0,0,0,0
2116_1,6,6,6,6,6,6,6,6,6,6,6,6,6,6,6,6,6,6,6,6,20.2,20.5,21.0,21.6,21.9,22.6,23.4,24.3,25.0,25.8,26.6,28.0,29.1,29.8,30.4,31.1,31.9,32.8,33.7,34.7,136.4,136.3,136.1,135.7,135.4,135.5,135.4,135.4,135.6,135.9,136.4,137.2,138.1,138.6,139.2,140.0,140.7,141.4,142.2,142.8,950,950,950,950,950,945,945,935,935,935,935,945,945,945,945,945,950,950,960,960,85.0,85.0,85.0,85.0,85.0,85.0,85.0,90.0,90.0,90.0,90.0,85.0,85.0,85.0,85.0,85.0,80.0,80.0,75.0,75.0,1,1,1,1,1,1,1,1,1,1,1,1,1,1,1,1,4,4,4,2,100.0,100.0,100.0,100.0,120.0,120.0,120.0,120.0,120.0,120.0,150.0,150.0,150.0,150.0,150.0,150.0,180.0,180.0,180.0,210.0,100.0,100.0,100.0,100.0,120.0,120.0,120.0,120.0,120.0,120.0,150.0,150.0,150.0,150.0,150.0,150.0,150.0,150.0,150.0,150.0,7,7,7,7,7,7,7,7,2,2,2,2,2,2,2,2,2,2,2,2,325.0,325.0,325.0,325.0,325.0,325.0,375.0,375.0,375.0,375.0,375.0,375.0,400.0,400.0,400.0,400.0,375.0,375.0,375.0,375.0,240.0,240.0,270.0,270.0,300.0,300.0,325.0,325.0,325.0,325.0,300.0,300.0,300.0,300.0,300.0,300.0,325.0,325.0,325.0,325.0,0,0,0,0,0,0,0,0,0,0,0,0,0,0,0,0,0,0,0,0
2117,4,4,4,4,4,4,4,4,4,4,4,5,5,5,5,5,5,5,5,5,11.6,12.4,13.3,14.1,14.6,15.1,15.6,16.0,16.6,16.9,17.2,17.3,17.6,18.5,19.0,19.4,19.7,20.0,20.3,20.7,119.0,117.7,116.3,115.2,114.4,113.8,113.2,112.7,112.1,111.8,111.4,110.9,110.8,110.7,110.6,110.2,110.1,109.9,109.6,108.7,1004,1002,1002,1002,1000,1000,998,998,998,996,996,994,994,994,994,994,994,994,994,996,0.0,0.0,0.0,0.0,0.0,0.0,0.0,0.0,0.0,0.0,0.0,35.0,35.0,35.0,35.0,35.0,35.0,35.0,35.0,35.0,0,0,0,0,0,0,0,0,0,0,0,3,3,3,3,3,3,3,3,3,0.0,0.0,0.0,0.0,0.0,0.0,0.0,0.0,0.0,0.0,0.0,0.0,0.0,0.0,0.0,0.0,0.0,0.0,0.0,0.0,0.0,0.0,0.0,0.0,0.0,0.0,0.0,0.0,0.0,0.0,0.0,0.0,0.0,0.0,0.0,0.0,0.0,0.0,0.0,0.0,0,0,0,0,0,0,0,0,0,0,0,2,2,2,2,2,2,2,2,2,0.0,0.0,0.0,0.0,0.0,0.0,0.0,0.0,0.0,0.0,0.0,400.0,400.0,400.0,400.0,400.0,325.0,325.0,325.0,325.0,0.0,0.0,0.0,0.0,0.0,0.0,0.0,0.0,0.0,0.0,0.0,270.0,270.0,270.0,270.0,270.0,270.0,270.0,270.0,240.0,0,0,0,0,0,0,0,0,0,0,0,0,0,0,0,0,0,0,0,0
2118,4,4,4,4,5,5,5,5,5,5,5,5,5,5,5,2,2,2,2,2,13.7,13.7,13.8,14.0,14.2,14.6,14.8,15.2,15.5,15.9,16.2,16.7,17.1,17.7,18.2,18.4,18.6,18.8,18.9,18.8,136.5,135.7,134.8,134.2,133.6,132.8,132.3,131.7,131.1,130.5,130.1,129.4,128.9,127.9,126.9,125.8,124.7,123.0,121.7,120.5,1002,1002,1002,1000,996,994,994,992,992,992,990,990,990,990,985,980,980,980,980,975,0.0,0.0,0.0,0.0,35.0,35.0,35.0,40.0,40.0,40.0,45.0,45.0,45.0,45.0,45.0,50.0,50.0,50.0,50.0,55.0,0,0,0,0,3,3,3,3,3,3,3,3,3,3,3,3,3,3,3,1,0.0,0.0,0.0,0.0,0.0,0.0,0.0,0.0,0.0,0.0,0.0,0.0,0.0,0.0,0.0,0.0,0.0,0.0,0.0,45.0,0.0,0.0,0.0,0.0,0.0,0.0,0.0,0.0,0.0,0.0,0.0,0.0,0.0,0.0,0.0,0.0,0.0,0.0,0.0,45.0,0,0,0,0,1,1,1,1,1,1,1,1,1,1,1,1,1,3,3,3,0.0,0.0,0.0,0.0,475.0,475.0,475.0,475.0,550.0,550.0,600.0,600.0,600.0,600.0,600.0,600.0,600.0,600.0,550.0,550.0,0.0,0.0,0.0,0.0,475.0,475.0,475.0,475.0,550.0,550.0,600.0,600.0,600.0,600.0,600.0,600.0,600.0,500.0,400.0,400.0,0,0,0,0,0,0,0,0,0,0,0,0,0,0,0,0,0,0,0,0
2119,4,4,4,4,4,5,5,5,5,5,5,5,5,5,5,5,5,5,5,5,16.6,16.8,16.7,16.9,16.9,17.0,17.1,17.4,17.7,18.1,18.6,18.8,19.2,19.5,19.6,20.1,20.9,21.7,22.4,22.8,166.0,164.6,163.4,162.1,161.0,160.4,159.9,159.5,158.8,157.3,156.0,155.0,153.8,153.1,152.1,151.9,151.9,152.4,152.9,153.8,1010,1010,1006,1004,1002,1000,998,998,998,998,998,998,998,998,998,998,998,998,998,998,0.0,0.0,0.0,0.0,0.0,35.0,40.0,40.0,40.0,40.0,40.0,40.0,40.0,40.0,40.0,40.0,40.0,40.0,40.0,40.0,0,0,0,0,0,3,3,3,3,3,3,3,3,3,3,3,3,3,3,3,0.0,0.0,0.0,0.0,0.0,0.0,0.0,0.0,0.0,0.0,0.0,0.0,0.0,0.0,0.0,0.0,0.0,0.0,0.0,0.0,0.0,0.0,0.0,0.0,0.0,0.0,0.0,0.0,0.0,0.0,0.0,0.0,0.0,0.0,0.0,0.0,0.0,0.0,0.0,0.0,0,0,0,0,0,4,4,4,4,3,3,3,3,3,3,3,3,4,4,4,0.0,0.0,0.0,0.0,0.0,150.0,210.0,210.0,210.0,300.0,300.0,300.0,300.0,300.0,300.0,300.0,300.0,300.0,300.0,300.0,0.0,0.0,0.0,0.0,0.0,90.0,120.0,120.0,120.0,120.0,120.0,120.0,120.0,120.0,120.0,120.0,120.0,120.0,120.0,120.0,0,0,0,0,0,0,0,0,0,0,0,0,0,0,0,0,0,0,0,0
2119_1,5,5,5,5,5,5,5,5,5,2,2,5,5,0,0,0,0,0,0,0,23.4,23.9,24.3,24.5,25.2,25.9,26.5,27.0,28.0,29.2,30.7,31.9,32.7,33.7,35.0,36.1,38.0,39.8,41.7,43.3,155.0,156.0,157.4,158.3,159.3,160.0,160.7,161.8,162.8,164.3,165.1,165.9,166.6,167.2,167.3,167.0,167.4,168.4,171.0,174.5,998,998,998,998,998,998,998,998,998,996,996,998,1000,1002,1002,1004,1004,1004,1002,1000,40.0,40.0,40.0,40.0,40.0,45.0,45.0,45.0,45.0,50.0,50.0,45.0,40.0,0.0,0.0,0.0,0.0,0.0,0.0,0.0,3,3,3,3,3,3,3,3,3,3,3,3,3,0,0,0,0,0,0,0,0.0,0.0,0.0,0.0,0.0,0.0,0.0,0.0,0.0,0.0,0.0,0.0,0.0,0.0,0.0,0.0,0.0,0.0,0.0,0.0,0.0,0.0,0.0,0.0,0.0,0.0,0.0,0.0,0.0,0.0,0.0,0.0,0.0,0.0,0.0,0.0,0.0,0.0,0.0,0.0,4,2,2,2,2,2,2,2,2,2,2,7,7,0,0,0,0,0,0,0,300.0,240.0,240.0,240.0,240.0,210.0,210.0,210.0,210.0,210.0,210.0,150.0,150.0,0.0,0.0,0.0,0.0,0.0,0.0,0.0,120.0,120.0,120.0,120.0,120.0,90.0,90.0,90.0,90.0,90.0,90.0,90.0,90.0,0.0,0.0,0.0,0.0,0.0,0.0,0.0,0,0,0,0,0,0,0,0,0,0,0,0,0,0,0,0,0,0,0,0
2120,4,4,4,4,4,4,5,5,5,5,5,5,2,2,2,2,2,6,6,6,11.3,11.4,11.4,12.0,12.6,14.1,15.4,16.1,17.6,18.6,19.0,19.1,19.4,20.4,20.7,20.8,21.3,21.9,22.7,23.2,141.5,140.9,140.6,140.4,140.2,139.7,139.0,139.0,138.5,138.6,138.9,139.0,139.3,139.3,139.3,139.3,139.4,139.7,140.0,140.4,1008,1008,1006,1008,1006,1006,1002,1002,1000,1000,998,994,992,992,985,980,980,970,965,965,0.0,0.0,0.0,0.0,0.0,0.0,35.0,35.0,35.0,35.0,40.0,45.0,50.0,50.0,55.0,60.0,60.0,70.0,75.0,75.0,0,0,0,0,0,0,3,3,3,3,3,3,3,3,1,6,6,6,1,1,0.0,0.0,0.0,0.0,0.0,0.0,0.0,0.0,0.0,0.0,0.0,0.0,0.0,0.0,60.0,90.0,90.0,90.0,90.0,90.0,0.0,0.0,0.0,0.0,0.0,0.0,0.0,0.0,0.0,0.0,0.0,0.0,0.0,0.0,60.0,60.0,60.0,60.0,90.0,90.0,0,0,0,0,0,0,4,4,4,2,2,2,2,2,2,2,2,2,2,2,0.0,0.0,0.0,0.0,0.0,0.0,240.0,240.0,240.0,240.0,240.0,240.0,240.0,240.0,240.0,240.0,240.0,240.0,270.0,270.0,0.0,0.0,0.0,0.0,0.0,0.0,120.0,120.0,120.0,180.0,180.0,180.0,180.0,180.0,180.0,210.0,210.0,210.0,240.0,240.0,0,0,0,0,0,0,0,0,0,0,0,0,0,0,0,0,0,0,0,0
2121,4,4,4,4,4,5,5,5,5,2,2,6,6,6,6,6,6,6,6,6,11.7,11.8,12.0,12.2,12.3,12.5,12.9,13.2,13.5,13.8,14.2,15.0,15.8,16.5,17.3,18.3,19.5,21.0,22.6,24.2,144.0,142.8,141.8,141.0,140.0,139.0,138.1,137.3,136.5,136.2,135.7,135.6,135.5,135.5,135.8,136.7,137.5,138.7,140.5,142.5,1004,1006,1004,1006,1002,1000,998,996,992,990,985,975,970,970,955,950,925,925,935,955,0.0,0.0,0.0,0.0,0.0,35.0,35.0,40.0,45.0,50.0,55.0,65.0,70.0,70.0,80.0,85.0,100.0,100.0,95.0,80.0,0,0,0,0,0,3,3,3,3,3,1,1,1,1,1,1,1,1,1,1,0.0,0.0,0.0,0.0,0.0,0.0,0.0,0.0,0.0,0.0,30.0,45.0,50.0,50.0,75.0,80.0,110.0,110.0,95.0,75.0,0.0,0.0,0.0,0.0,0.0,0.0,0.0,0.0,0.0,0.0,30.0,45.0,50.0,50.0,75.0,80.0,110.0,110.0,95.0,75.0,0,0,0,0,0,4,4,4,4,4,4,4,4,2,2,1,1,1,1,1,0.0,0.0,0.0,0.0,0.0,120.0,120.0,150.0,150.0,150.0,150.0,210.0,210.0,240.0,240.0,240.0,240.0,270.0,270.0,240.0,0.0,0.0,0.0,0.0,0.0,90.0,90.0,120.0,120.0,120.0,120.0,120.0,120.0,150.0,150.0,240.0,240.0,270.0,270.0,240.0,0,0,0,0,0,0,0,0,0,0,0,0,0,0,0,0,0,0,0,0
2122,4,4,4,4,4,4,5,5,5,2,2,2,6,6,6,6,6,6,6,6,5.8,5.8,5.8,5.8,5.8,5.8,6.0,6.4,6.8,7.2,7.8,8.4,8.6,8.7,8.9,9.1,9.4,9.7,9.9,10.0,144.8,144.4,144.0,143.5,143.0,142.0,141.0,139.7,138.4,137.1,135.8,134.5,133.4,132.3,131.2,130.1,128.9,127.6,126.0,124.3,1002,1004,1002,1004,1002,1000,998,996,992,990,985,980,970,965,955,955,950,925,915,935,0.0,0.0,0.0,0.0,0.0,0.0,35.0,40.0,45.0,50.0,55.0,60.0,70.0,75.0,80.0,80.0,85.0,100.0,105.0,95.0,0,0,0,0,0,0,3,3,3,3,1,1,1,1,1,1,1,1,1,1,0.0,0.0,0.0,0.0,0.0,0.0,0.0,0.0,0.0,0.0,30.0,40.0,50.0,60.0,75.0,75.0,80.0,90.0,90.0,90.0,0.0,0.0,0.0,0.0,0.0,0.0,0.0,0.0,0.0,0.0,30.0,40.0,50.0,60.0,75.0,75.0,80.0,90.0,90.0,90.0,0,0,0,0,0,0,3,3,3,3,3,3,3,4,4,4,4,4,4,4,0.0,0.0,0.0,0.0,0.0,0.0,190.0,190.0,190.0,190.0,190.0,190.0,190.0,240.0,240.0,240.0,240.0,240.0,240.0,240.0,0.0,0.0,0.0,0.0,0.0,0.0,90.0,90.0,90.0,90.0,90.0,90.0,90.0,150.0,150.0,150.0,150.0,150.0,150.0,150.0,0,0,0,0,0,0,0,0,0,0,0,0,0,0,0,0,0,0,0,0
2201,4,4,4,4,4,4,4,5,5,5,5,5,5,5,5,5,5,2,2,2,3.4,3.5,3.5,3.8,4.0,4.1,4.5,5.1,5.6,6.4,6.7,7.1,7.5,8.2,9.4,10.6,11.1,11.5,11.8,12.2,150.2,149.6,149.1,148.4,147.7,147.1,146.3,145.9,145.7,145.2,144.9,144.6,143.6,142.4,141.2,139.6,138.6,138.0,137.1,136.4,1004,1006,1004,1006,1004,1004,1002,1000,998,998,996,996,996,996,996,994,992,990,990,990,0.0,0.0,0.0,0.0,0.0,0.0,0.0,35.0,35.0,35.0,40.0,40.0,40.0,40.0,40.0,45.0,45.0,50.0,50.0,50.0,0,0,0,0,0,0,0,3,3,3,3,3,3,3,3,3,3,3,3,3,0.0,0.0,0.0,0.0,0.0,0.0,0.0,0.0,0.0,0.0,0.0,0.0,0.0,0.0,0.0,0.0,0.0,0.0,0.0,0.0,0.0,0.0,0.0,0.0,0.0,0.0,0.0,0.0,0.0,0.0,0.0,0.0,0.0,0.0,0.0,0.0,0.0,0.0,0.0,0.0,0,0,0,0,0,0,0,1,1,1,3,3,3,3,3,3,3,4,4,4,0.0,0.0,0.0,0.0,0.0,0.0,0.0,180.0,180.0,180.0,240.0,240.0,240.0,240.0,240.0,300.0,300.0,325.0,325.0,325.0,0.0,0.0,0.0,0.0,0.0,0.0,0.0,180.0,180.0,180.0,200.0,200.0,200.0,200.0,200.0,240.0,240.0,270.0,270.0,270.0,0,0,0,0,0,0,0,0,0,0,0,0,0,0,0,0,0,0,0,0
2201_1,2,2,2,6,6,6,6,6,6,6,6,6,6,6,6,6,6,6,6,6,13.1,14.1,14.8,15.4,15.8,16.1,16.7,17.3,17.8,18.8,19.8,20.6,21.7,22.6,23.2,24.3,25.3,26.3,27.1,27.7,136.2,135.9,135.6,135.0,135.1,135.4,135.9,136.4,137.0,137.6,137.5,138.0,138.5,139.0,139.5,140.0,140.3,140.6,141.1,141.9,990,985,980,975,970,955,955,955,950,950,945,945,945,950,950,955,955,960,965,970,50.0,55.0,60.0,65.0,70.0,80.0,80.0,80.0,85.0,85.0,90.0,90.0,90.0,85.0,85.0,80.0,80.0,75.0,70.0,65.0,3,1,1,1,1,1,1,1,1,1,1,2,2,2,2,2,2,2,2,2,0.0,30.0,40.0,50.0,55.0,70.0,70.0,70.0,80.0,80.0,90.0,100.0,100.0,100.0,100.0,100.0,100.0,100.0,100.0,100.0,0.0,30.0,40.0,50.0,55.0,70.0,70.0,70.0,80.0,80.0,90.0,80.0,80.0,80.0,80.0,80.0,80.0,80.0,80.0,80.0,4,1,1,1,1,1,1,2,2,2,2,2,2,2,2,2,2,2,2,2,325.0,350.0,350.0,350.0,350.0,350.0,350.0,425.0,425.0,425.0,425.0,425.0,500.0,500.0,500.0,500.0,500.0,500.0,500.0,500.0,270.0,350.0,350.0,350.0,350.0,350.0,350.0,270.0,270.0,270.0,240.0,240.0,240.0,240.0,240.0,240.0,240.0,270.0,270.0,300.0,0,0,0,0,0,0,0,0,0,0,0,0,0,0,0,0,0,0,0,0
2203,4,4,4,4,4,5,5,5,2,2,2,2,6,6,6,2,5,5,4,4,14.6,15.0,15.5,15.6,15.6,15.8,16.1,17.0,17.5,18.3,18.9,19.5,20.2,20.6,21.2,21.9,22.8,23.6,24.4,24.8,116.5,116.3,116.2,116.0,115.7,115.5,115.6,115.2,114.6,114.1,113.1,112.6,112.0,111.7,111.2,110.8,110.4,110.6,110.6,110.8,998,998,998,998,998,994,992,990,985,980,980,975,970,965,965,980,985,990,994,994,0.0,0.0,0.0,0.0,0.0,35.0,40.0,45.0,50.0,55.0,55.0,60.0,65.0,70.0,70.0,50.0,45.0,35.0,0.0,0.0,0,0,0,0,0,3,3,3,3,1,1,1,1,1,1,3,3,3,0,0,0.0,0.0,0.0,0.0,0.0,0.0,0.0,0.0,0.0,60.0,60.0,60.0,60.0,60.0,60.0,0.0,0.0,0.0,0.0,0.0,0.0,0.0,0.0,0.0,0.0,0.0,0.0,0.0,0.0,60.0,60.0,60.0,60.0,60.0,60.0,0.0,0.0,0.0,0.0,0.0,0,0,0,0,0,2,2,2,2,7,7,7,7,7,7,7,7,7,0,0,0.0,0.0,0.0,0.0,0.0,240.0,240.0,240.0,240.0,300.0,300.0,350.0,350.0,350.0,350.0,350.0,350.0,240.0,0.0,0.0,0.0,0.0,0.0,0.0,0.0,180.0,180.0,180.0,180.0,180.0,180.0,180.0,180.0,180.0,180.0,120.0,90.0,90.0,0.0,0.0,0,0,0,0,0,0,0,0,0,0,0,0,0,0,0,0,0,0,0,0
2204,4,5,5,5,5,5,5,5,5,5,5,5,5,5,5,5,5,5,5,5,19.1,19.6,20.1,20.9,22.2,23.5,24.7,25.9,26.3,26.4,27.2,27.8,28.1,28.4,29.3,30.0,30.8,31.6,32.6,33.0,131.0,130.9,131.0,131.3,131.7,131.3,130.4,129.5,128.1,127.9,127.5,127.2,126.9,126.6,126.8,127.4,127.9,128.8,129.3,129.7,1004,1000,998,998,998,998,998,994,994,994,996,998,998,998,998,998,998,998,1000,1000,0.0,35.0,40.0,40.0,40.0,40.0,40.0,45.0,45.0,45.0,40.0,35.0,35.0,35.0,35.0,35.0,35.0,35.0,35.0,35.0,0,3,3,3,3,3,3,3,3,3,3,3,3,3,3,3,3,3,3,3,0.0,0.0,0.0,0.0,0.0,0.0,0.0,0.0,0.0,0.0,0.0,0.0,0.0,0.0,0.0,0.0,0.0,0.0,0.0,0.0,0.0,0.0,0.0,0.0,0.0,0.0,0.0,0.0,0.0,0.0,0.0,0.0,0.0,0.0,0.0,0.0,0.0,0.0,0.0,0.0,0,2,2,2,2,2,2,2,2,2,2,2,2,2,2,2,2,2,2,2,0.0,180.0,180.0,180.0,180.0,180.0,180.0,210.0,210.0,210.0,180.0,120.0,120.0,120.0,120.0,120.0,100.0,100.0,100.0,100.0,0.0,90.0,90.0,90.0,90.0,90.0,90.0,100.0,100.0,100.0,100.0,90.0,90.0,90.0,90.0,90.0,60.0,60.0,60.0,60.0,0,0,0,0,0,0,0,0,0,1,0,0,0,0,0,0,0,0,0,1
2204_1,0,0,0,0,0,0,0,0,0,0,0,0,0,0,0,0,0,0,0,0,33.0,34.3,34.7,34.0,34.4,34.1,34.1,33.9,33.8,34.1,34.3,34.7,34.5,34.5,34.5,34.8,35.9,37.5,39.2,39.8,131.0,133.3,135.1,138.8,140.9,142.0,142.8,143.9,145.2,145.7,146.1,146.0,144.8,144.8,144.4,144.5,144.8,144.7,143.7,143.3,1002,1004,1006,1002,1002,1002,1000,1000,998,996,996,996,996,996,996,996,998,998,1000,1000,0.0,0.0,0.0,0.0,0.0,0.0,0.0,0.0,0.0,0.0,0.0,0.0,0.0,0.0,0.0,0.0,0.0,0.0,0.0,0.0,0,0,0,0,0,0,0,0,0,0,0,0,0,0,0,0,0,0,0,0,0.0,0.0,0.0,0.0,0.0,0.0,0.0,0.0,0.0,0.0,0.0,0.0,0.0,0.0,0.0,0.0,0.0,0.0,0.0,0.0,0.0,0.0,0.0,0.0,0.0,0.0,0.0,0.0,0.0,0.0,0.0,0.0,0.0,0.0,0.0,0.0,0.0,0.0,0.0,0.0,0,0,0,0,0,0,0,0,0,0,0,0,0,0,0,0,0,0,0,0,0.0,0.0,0.0,0.0,0.0,0.0,0.0,0.0,0.0,0.0,0.0,0.0,0.0,0.0,0.0,0.0,0.0,0.0,0.0,0.0,0.0,0.0,0.0,0.0,0.0,0.0,0.0,0.0,0.0,0.0,0.0,0.0,0.0,0.0,0.0,0.0,0.0,0.0,0.0,0.0,0,0,0,0,0,0,0,0,0,0,0,0,0,0,0,0,0,0,0,0
2205,4,4,4,4,4,4,4,4,5,5,5,5,5,5,5,5,5,5,5,5,14.9,15.0,15.3,16.0,17.4,18.4,19.4,20.6,22.5,25.3,28.0,29.1,30.1,30.7,31.4,32.0,32.8,33.4,33.5,33.9,143.3,143.0,142.6,141.9,141.0,140.8,140.3,139.9,139.0,137.7,135.0,132.1,129.9,128.5,126.2,124.9,124.2,123.3,123.1,123.2,1006,1004,1004,1004,1004,1002,1002,1002,1002,1002,1002,1002,1000,1000,1000,998,998,998,996,996,0.0,0.0,0.0,0.0,0.0,0.0,0.0,0.0,35.0,35.0,35.0,35.0,40.0,35.0,35.0,35.0,35.0,35.0,35.0,35.0,0,0,0,0,0,0,0,0,3,3,3,3,3,3,3,3,3,3,3,3,0.0,0.0,0.0,0.0,0.0,0.0,0.0,0.0,0.0,0.0,0.0,0.0,0.0,0.0,0.0,0.0,0.0,0.0,0.0,0.0,0.0,0.0,0.0,0.0,0.0,0.0,0.0,0.0,0.0,0.0,0.0,0.0,0.0,0.0,0.0,0.0,0.0,0.0,0.0,0.0,0,0,0,0,0,0,0,0,3,3,4,4,4,4,4,4,4,4,4,4,0.0,0.0,0.0,0.0,0.0,0.0,0.0,0.0,350.0,350.0,300.0,300.0,240.0,240.0,180.0,180.0,150.0,150.0,150.0,150.0,0.0,0.0,0.0,0.0,0.0,0.0,0.0,0.0,150.0,150.0,150.0,150.0,150.0,150.0,90.0,90.0,90.0,90.0,90.0,90.0,0,0,0,0,0,0,0,0,0,0,0,0,0,0,0,0,0,0,0,0
2208,4,4,4,4,4,4,4,4,4,4,4,5,5,5,5,5,5,5,5,5,23.9,24.1,24.6,24.9,25.1,26.0,26.9,27.6,28.2,28.8,28.8,28.8,29.6,30.5,30.8,31.9,32.8,33.8,34.5,34.7,148.8,146.3,144.5,142.8,141.6,140.3,139.5,138.5,137.6,136.3,135.9,135.6,135.9,136.2,136.4,136.7,136.7,137.2,138.0,138.2,1008,1008,1008,1008,1006,1008,1006,1008,1006,1006,1004,1002,1002,1002,1002,1000,1000,998,998,998,0.0,0.0,0.0,0.0,0.0,0.0,0.0,0.0,0.0,0.0,0.0,35.0,35.0,35.0,35.0,40.0,40.0,40.0,40.0,40.0,0,0,0,0,0,0,0,0,0,0,0,3,3,3,3,3,3,3,3,3,0.0,0.0,0.0,0.0,0.0,0.0,0.0,0.0,0.0,0.0,0.0,0.0,0.0,0.0,0.0,0.0,0.0,0.0,0.0,0.0,0.0,0.0,0.0,0.0,0.0,0.0,0.0,0.0,0.0,0.0,0.0,0.0,0.0,0.0,0.0,0.0,0.0,0.0,0.0,0.0,0,0,0,0,0,0,0,0,0,0,0,7,7,7,7,7,7,7,7,7,0.0,0.0,0.0,0.0,0.0,0.0,0.0,0.0,0.0,0.0,0.0,180.0,180.0,180.0,180.0,180.0,180.0,180.0,180.0,180.0,0.0,0.0,0.0,0.0,0.0,0.0,0.0,0.0,0.0,0.0,0.0,90.0,90.0,90.0,90.0,90.0,90.0,90.0,90.0,90.0,0,0,0,0,0,0,0,0,0,0,0,0,0,0,0,0,0,0,1,0
2209,4,4,4,5,5,5,5,2,2,2,2,2,2,2,2,2,2,2,5,5,17.6,17.2,17.0,16.4,16.3,16.2,16.1,16.3,17.1,17.9,18.5,19.0,19.0,19.4,19.9,20.7,20.9,21.6,21.4,21.4,127.8,127.2,126.4,125.3,124.4,123.7,123.4,123.3,122.7,121.5,120.3,118.8,117.2,116.0,114.8,113.3,111.8,109.7,108.3,106.4,1004,1000,1000,998,996,994,992,990,990,990,990,985,985,985,985,985,985,990,992,996,0.0,0.0,0.0,35.0,40.0,40.0,45.0,50.0,50.0,50.0,50.0,55.0,55.0,55.0,55.0,55.0,55.0,50.0,45.0,35.0,0,0,0,3,3,3,3,3,3,3,3,1,1,1,1,1,1,3,3,3,0.0,0.0,0.0,0.0,0.0,0.0,0.0,0.0,0.0,0.0,0.0,40.0,40.0,40.0,40.0,40.0,40.0,0.0,0.0,0.0,0.0,0.0,0.0,0.0,0.0,0.0,0.0,0.0,0.0,0.0,0.0,40.0,40.0,40.0,40.0,40.0,40.0,0.0,0.0,0.0,0,0,0,1,1,1,1,2,2,2,2,2,2,2,2,2,2,2,7,7,0.0,0.0,0.0,150.0,150.0,150.0,150.0,180.0,180.0,180.0,240.0,240.0,240.0,240.0,240.0,240.0,210.0,210.0,150.0,150.0,0.0,0.0,0.0,150.0,150.0,150.0,150.0,120.0,120.0,120.0,120.0,120.0,120.0,120.0,120.0,120.0,120.0,120.0,120.0,120.0,0,0,0,0,0,0,0,0,0,0,0,0,0,0,0,0,0,0,0,0
2210,4,4,4,5,5,5,2,2,6,6,6,6,6,6,6,6,2,2,0,0,22.0,22.3,22.9,24.0,25.1,26.1,27.3,28.7,30.3,31.6,32.9,34.2,35.2,36.2,37.3,38.6,40.4,42.8,45.1,47.0,151.0,151.2,151.5,151.6,151.6,151.5,151.3,150.5,149.8,149.1,148.6,148.6,149.0,149.5,150.3,151.4,152.9,155.0,158.3,160.6,1002,1002,1002,1000,998,994,992,990,980,970,970,970,970,975,975,980,990,992,996,1002,0.0,0.0,0.0,35.0,40.0,45.0,50.0,55.0,65.0,75.0,75.0,75.0,75.0,70.0,70.0,65.0,55.0,50.0,0.0,0.0,0,0,0,3,3,3,3,1,1,2,2,2,2,2,2,2,2,3,0,0,0.0,0.0,0.0,0.0,0.0,0.0,0.0,40.0,40.0,60.0,60.0,60.0,60.0,60.0,60.0,60.0,40.0,0.0,0.0,0.0,0.0,0.0,0.0,0.0,0.0,0.0,0.0,40.0,40.0,40.0,40.0,40.0,40.0,40.0,40.0,40.0,20.0,0.0,0.0,0.0,0,0,0,2,2,2,2,2,2,2,2,2,2,2,2,7,7,7,0,0,0.0,0.0,0.0,150.0,150.0,150.0,150.0,150.0,150.0,150.0,150.0,210.0,210.0,180.0,180.0,180.0,180.0,210.0,0.0,0.0,0.0,0.0,0.0,90.0,90.0,90.0,90.0,90.0,90.0,90.0,90.0,150.0,150.0,90.0,90.0,90.0,90.0,90.0,0.0,0.0,0,0,0,0,0,0,0,0,0,0,0,0,0,0,0,0,0,0,0,0
2211,4,4,5,5,2,6,6,6,6,6,6,6,6,6,6,6,6,6,6,6,23.8,24.9,25.9,26.9,27.2,27.3,27.4,27.4,27.4,27.3,27.2,27.1,26.8,26.8,26.6,26.5,26.3,26.1,25.9,25.7,151.1,150.3,149.5,148.5,146.9,145.3,144.4,143.2,142.3,141.3,140.3,139.2,137.3,135.4,133.6,132.7,131.9,131.1,130.3,129.6,1008,1008,1004,1002,996,980,980,975,970,965,955,950,940,935,920,920,920,920,935,935,0.0,0.0,35.0,40.0,55.0,70.0,70.0,75.0,80.0,85.0,85.0,90.0,95.0,100.0,105.0,105.0,105.0,105.0,100.0,100.0,0,0,3,3,1,1,1,1,1,1,1,1,1,1,1,1,1,1,1,1,0.0,0.0,0.0,0.0,30.0,30.0,30.0,40.0,40.0,40.0,40.0,50.0,50.0,50.0,50.0,50.0,50.0,50.0,50.0,50.0,0.0,0.0,0.0,0.0,30.0,30.0,30.0,40.0,40.0,40.0,40.0,50.0,50.0,50.0,50.0,50.0,50.0,50.0,50.0,50.0,0,0,4,4,4,4,4,4,4,4,4,4,4,4,3,3,3,3,3,3,0.0,0.0,120.0,120.0,120.0,120.0,120.0,120.0,120.0,120.0,120.0,120.0,120.0,120.0,120.0,120.0,120.0,120.0,120.0,120.0,0.0,0.0,90.0,90.0,90.0,90.0,90.0,90.0,90.0,90.0,90.0,90.0,90.0,90.0,90.0,90.0,90.0,90.0,90.0,90.0,0,0,0,0,0,0,0,0,0,0,0,0,0,0,0,0,0,0,0,0
2211_1,6,6,6,6,6,6,6,6,6,6,6,6,6,6,6,6,6,6,6,6,25.4,25.1,24.7,23.7,22.6,21.8,21.3,21.3,21.5,21.9,22.1,22.5,22.7,23.0,23.3,23.8,24.0,24.3,24.8,25.1,129.0,128.4,127.7,126.3,125.7,125.5,125.5,125.5,125.5,125.0,124.6,124.6,124.6,124.6,124.6,124.7,124.8,124.9,124.7,124.6,935,935,935,935,925,925,925,935,940,945,950,955,960,960,960,960,960,950,950,950,100.0,100.0,100.0,100.0,100.0,100.0,100.0,90.0,80.0,75.0,75.0,75.0,75.0,75.0,75.0,75.0,75.0,80.0,80.0,80.0,1,1,1,1,1,1,1,1,1,1,1,1,1,2,2,2,2,2,2,2,50.0,50.0,50.0,50.0,50.0,50.0,50.0,50.0,50.0,50.0,50.0,50.0,50.0,80.0,80.0,80.0,80.0,140.0,140.0,140.0,50.0,50.0,50.0,50.0,50.0,50.0,50.0,50.0,50.0,50.0,50.0,50.0,50.0,60.0,60.0,60.0,60.0,90.0,90.0,90.0,3,3,5,5,5,5,5,5,5,5,7,7,7,7,7,7,7,1,1,1,120.0,120.0,130.0,130.0,210.0,240.0,270.0,300.0,300.0,300.0,325.0,325.0,325.0,350.0,350.0,350.0,350.0,350.0,350.0,350.0,90.0,90.0,90.0,90.0,120.0,120.0,120.0,180.0,180.0,180.0,210.0,210.0,210.0,300.0,300.0,300.0,300.0,350.0,350.0,350.0,0,0,0,0,0,0,0,0,0,0,0,0,0,0,0,0,0,0,0,0
2211_2,6,6,6,6,6,6,6,6,6,6,6,6,6,6,6,6,6,2,0,0,25.5,26.0,26.3,27.0,27.5,27.7,28.6,29.8,30.2,31.0,31.6,32.3,33.3,34.2,35.1,36.4,37.8,39.8,44.0,47.5,124.6,124.6,124.5,124.7,124.4,124.5,124.7,124.9,125.1,125.5,126.0,126.6,127.2,128.1,129.1,130.7,131.9,133.6,137.0,139.4,950,945,945,940,940,940,940,945,945,950,950,955,960,965,965,970,970,975,980,982,80.0,85.0,85.0,90.0,90.0,90.0,90.0,85.0,85.0,80.0,80.0,75.0,75.0,70.0,70.0,65.0,65.0,60.0,0.0,0.0,2,2,2,2,2,2,2,2,2,2,2,1,1,1,1,1,1,1,0,0,140.0,140.0,140.0,140.0,140.0,140.0,140.0,120.0,120.0,120.0,120.0,120.0,120.0,120.0,120.0,80.0,80.0,80.0,0.0,0.0,90.0,90.0,90.0,90.0,90.0,90.0,90.0,90.0,90.0,90.0,90.0,120.0,120.0,120.0,120.0,80.0,80.0,80.0,0.0,0.0,1,1,1,8,8,8,7,7,7,2,2,2,2,2,2,2,2,2,0,0,350.0,350.0,350.0,375.0,375.0,375.0,325.0,325.0,325.0,350.0,350.0,350.0,350.0,350.0,350.0,350.0,350.0,350.0,0.0,0.0,350.0,350.0,350.0,325.0,325.0,325.0,270.0,270.0,270.0,270.0,270.0,270.0,270.0,270.0,270.0,270.0,270.0,270.0,0.0,0.0,0,0,0,0,0,0,0,0,0,0,0,0,0,0,0,0,0,0,0,0
2212,4,4,4,4,4,4,4,4,4,4,4,4,4,4,4,4,5,5,5,5,25.6,25.8,25.5,25.3,24.8,24.4,24.1,24.0,23.5,22.6,21.4,19.6,18.2,17.2,17.1,17.0,16.8,16.9,17.1,17.1,146.6,146.0,145.3,144.5,143.2,141.7,140.3,139.3,137.9,137.4,136.8,136.5,136.0,135.7,135.5,134.8,133.5,132.9,131.8,131.0,1006,1008,1006,1006,1006,1006,1004,1006,1004,1006,1004,1006,1004,1004,1002,1004,1000,998,998,998,0.0,0.0,0.0,0.0,0.0,0.0,0.0,0.0,0.0,0.0,0.0,0.0,0.0,0.0,0.0,0.0,35.0,40.0,40.0,40.0,0,0,0,0,0,0,0,0,0,0,0,0,0,0,0,0,3,3,3,3,0.0,0.0,0.0,0.0,0.0,0.0,0.0,0.0,0.0,0.0,0.0,0.0,0.0,0.0,0.0,0.0,0.0,0.0,0.0,0.0,0.0,0.0,0.0,0.0,0.0,0.0,0.0,0.0,0.0,0.0,0.0,0.0,0.0,0.0,0.0,0.0,0.0,0.0,0.0,0.0,0,0,0,0,0,0,0,0,0,0,0,0,0,0,0,0,9,9,9,9,0.0,0.0,0.0,0.0,0.0,0.0,0.0,0.0,0.0,0.0,0.0,0.0,0.0,0.0,0.0,0.0,120.0,120.0,120.0,120.0,0.0,0.0,0.0,0.0,0.0,0.0,0.0,0.0,0.0,0.0,0.0,0.0,0.0,0.0,0.0,0.0,90.0,90.0,90.0,90.0,0,0,0,0,0,0,0,0,0,0,0,0,0,0,0,0,0,0,0,0
2212_1,5,5,2,2,2,6,6,6,6,6,6,6,6,6,6,6,6,6,6,6,17.2,18.0,19.0,19.4,19.8,20.7,21.2,21.7,22.2,22.6,22.7,22.9,23.2,23.4,23.5,23.7,23.9,24.0,24.5,24.8,130.2,129.3,128.4,127.7,126.9,126.0,125.7,125.5,124.9,124.4,124.4,124.4,124.3,124.3,124.2,124.2,124.2,124.2,124.2,124.0,994,994,990,985,980,970,970,965,960,950,950,950,950,955,955,965,965,965,965,965,45.0,45.0,50.0,55.0,60.0,70.0,70.0,75.0,80.0,85.0,85.0,85.0,85.0,80.0,80.0,75.0,75.0,75.0,75.0,75.0,3,3,3,1,1,1,1,1,1,1,1,1,1,1,1,1,1,1,1,1,0.0,0.0,0.0,30.0,40.0,50.0,50.0,60.0,70.0,70.0,70.0,70.0,70.0,70.0,70.0,70.0,70.0,70.0,70.0,70.0,0.0,0.0,0.0,30.0,40.0,50.0,50.0,60.0,70.0,70.0,70.0,70.0,70.0,70.0,70.0,70.0,70.0,70.0,70.0,70.0,9,1,1,1,1,3,3,3,3,3,3,3,3,3,3,3,3,3,3,3,120.0,120.0,120.0,120.0,120.0,150.0,150.0,150.0,180.0,180.0,180.0,180.0,180.0,180.0,180.0,180.0,180.0,150.0,150.0,150.0,90.0,120.0,120.0,120.0,120.0,120.0,120.0,120.0,130.0,130.0,130.0,130.0,130.0,130.0,130.0,130.0,130.0,120.0,120.0,120.0,0,0,0,0,0,0,0,0,0,0,0,0,0,0,0,0,0,0,1,0
2212_2,6,6,6,6,6,6,6,6,6,6,6,6,6,6,2,5,5,5,0,0,24.8,24.9,25.0,25.2,25.5,25.7,25.9,26.1,26.7,27.2,28.0,28.8,29.9,31.3,32.7,34.0,35.2,36.3,37.7,39.1,124.0,124.0,124.1,124.2,124.3,124.2,124.0,123.9,123.9,123.5,123.2,122.8,122.3,121.6,121.0,120.5,120.4,120.8,121.5,122.8,965,965,965,965,965,955,955,955,955,955,955,955,965,975,985,990,992,992,994,994,75.0,75.0,75.0,75.0,75.0,80.0,80.0,80.0,80.0,80.0,80.0,80.0,75.0,65.0,50.0,45.0,40.0,40.0,0.0,0.0,1,1,1,1,1,1,1,1,1,1,1,1,1,1,3,3,3,3,0,0,70.0,70.0,70.0,70.0,70.0,70.0,70.0,60.0,60.0,60.0,60.0,60.0,60.0,60.0,0.0,0.0,0.0,0.0,0.0,0.0,70.0,70.0,70.0,70.0,70.0,70.0,70.0,60.0,60.0,60.0,60.0,60.0,60.0,60.0,0.0,0.0,0.0,0.0,0.0,0.0,3,3,3,3,3,3,3,3,1,1,1,1,1,1,2,2,2,2,0,0,150.0,150.0,150.0,150.0,150.0,150.0,150.0,150.0,150.0,150.0,150.0,150.0,120.0,120.0,120.0,120.0,120.0,120.0,0.0,0.0,120.0,120.0,120.0,120.0,120.0,120.0,120.0,120.0,150.0,150.0,150.0,150.0,120.0,120.0,90.0,90.0,90.0,90.0,0.0,0.0,0,0,0,0,0,0,0,0,0,0,0,0,0,0,0,0,0,0,0,0
2213,4,4,4,4,5,5,5,2,2,2,2,2,2,6,6,6,6,6,6,0,20.6,20.7,20.7,20.8,20.8,21.1,21.2,21.8,22.6,23.2,23.9,24.8,25.9,26.6,28.3,30.0,31.9,33.8,36.5,41.4,158.0,158.5,159.2,159.8,160.5,161.0,161.4,162.0,162.7,163.2,163.3,163.2,163.0,162.2,162.2,162.1,161.9,162.4,164.1,167.0,1006,1004,1004,1002,1000,998,994,992,990,985,985,985,980,975,975,970,965,965,965,960,0.0,0.0,0.0,0.0,35.0,40.0,45.0,50.0,50.0,55.0,55.0,55.0,60.0,65.0,65.0,70.0,70.0,70.0,65.0,0.0,0,0,0,0,3,3,3,3,3,1,1,1,1,1,1,1,2,2,2,0,0.0,0.0,0.0,0.0,0.0,0.0,0.0,0.0,0.0,60.0,60.0,60.0,60.0,60.0,60.0,60.0,80.0,80.0,100.0,0.0,0.0,0.0,0.0,0.0,0.0,0.0,0.0,0.0,0.0,60.0,60.0,60.0,60.0,60.0,60.0,60.0,60.0,60.0,60.0,0.0,0,0,0,0,2,2,2,2,2,2,2,2,2,2,2,2,2,2,2,0,0.0,0.0,0.0,0.0,150.0,150.0,150.0,210.0,210.0,210.0,240.0,240.0,240.0,270.0,270.0,270.0,270.0,300.0,375.0,0.0,0.0,0.0,0.0,0.0,120.0,120.0,120.0,120.0,150.0,150.0,150.0,150.0,150.0,150.0,150.0,150.0,150.0,150.0,150.0,0.0,0,0,0,0,0,0,0,0,0,0,0,0,0,0,0,0,0,0,0,0
2214,4,4,4,4,4,5,5,5,5,5,2,2,6,6,6,6,6,6,6,6,22.3,22.4,22.0,22.0,22.2,22.4,22.5,22.8,22.8,23.1,23.2,23.3,23.4,23.4,23.8,24.2,24.9,25.2,25.5,25.7,138.7,138.2,138.3,138.9,139.6,140.1,140.6,140.8,140.3,139.7,138.7,137.9,137.3,136.4,135.9,135.5,134.7,134.2,133.8,133.4,1000,998,998,998,998,996,996,996,994,990,985,980,970,960,945,935,925,920,910,910,0.0,0.0,0.0,0.0,0.0,35.0,35.0,35.0,40.0,45.0,50.0,55.0,65.0,75.0,85.0,90.0,95.0,100.0,105.0,105.0,0,0,0,0,0,3,3,3,3,3,3,1,1,2,2,2,2,2,2,2,0.0,0.0,0.0,0.0,0.0,0.0,0.0,0.0,0.0,0.0,0.0,50.0,50.0,70.0,80.0,80.0,80.0,90.0,100.0,100.0,0.0,0.0,0.0,0.0,0.0,0.0,0.0,0.0,0.0,0.0,0.0,50.0,50.0,50.0,50.0,50.0,50.0,60.0,80.0,80.0,0,0,0,0,0,2,2,2,2,2,2,2,2,2,2,2,2,2,2,2,0.0,0.0,0.0,0.0,0.0,180.0,180.0,180.0,270.0,270.0,350.0,350.0,350.0,350.0,350.0,350.0,400.0,400.0,400.0,400.0,0.0,0.0,0.0,0.0,0.0,150.0,150.0,150.0,210.0,210.0,300.0,300.0,300.0,300.0,300.0,300.0,350.0,350.0,350.0,350.0,0,0,0,0,0,0,0,0,0,0,0,0,0,0,0,0,0,0,0,0
2214_1,6,6,6,6,6,6,6,6,6,6,6,6,6,6,6,6,6,6,6,2,26.1,26.5,26.8,27.1,27.5,28.0,28.5,29.1,29.7,30.2,30.3,30.7,31.1,31.3,31.5,31.9,32.7,33.2,33.6,33.9,133.1,132.8,132.5,132.3,132.0,131.7,131.4,131.4,131.0,130.7,130.6,130.7,130.6,130.6,130.5,130.5,130.4,130.4,130.6,130.8,910,910,910,910,910,915,920,925,930,930,930,930,940,940,940,955,960,965,970,975,105.0,105.0,105.0,105.0,105.0,100.0,95.0,95.0,90.0,90.0,90.0,90.0,85.0,85.0,85.0,75.0,70.0,70.0,65.0,60.0,2,2,2,2,2,2,5,5,5,5,5,5,4,4,4,4,4,4,4,4,100.0,100.0,100.0,100.0,100.0,100.0,120.0,120.0,140.0,140.0,140.0,140.0,140.0,140.0,140.0,140.0,140.0,140.0,140.0,140.0,80.0,80.0,80.0,80.0,80.0,80.0,100.0,100.0,100.0,100.0,100.0,100.0,100.0,100.0,100.0,100.0,100.0,100.0,100.0,100.0,2,2,2,2,2,2,2,2,2,2,2,2,2,2,2,2,2,2,2,2,400.0,400.0,400.0,400.0,400.0,400.0,400.0,400.0,400.0,400.0,400.0,400.0,350.0,350.0,350.0,350.0,350.0,350.0,350.0,350.0,325.0,325.0,325.0,325.0,325.0,325.0,325.0,325.0,300.0,300.0,300.0,300.0,300.0,300.0,300.0,300.0,300.0,300.0,300.0,300.0,0,0,0,0,0,0,0,0,0,0,1,0,1,0,1,0,0,1,0,0
2215,4,4,4,4,4,5,5,5,5,5,5,4,4,0,0,0,0,0,0,0,21.1,22.4,23.9,24.4,25.1,25.9,26.9,28.1,29.4,30.7,32.0,32.6,33.2,33.7,34.4,34.4,34.5,35.1,35.6,35.9,140.9,141.4,141.2,139.7,138.4,137.4,136.5,135.6,135.0,134.8,135.5,136.6,137.4,138.2,139.2,139.9,141.3,142.5,143.0,143.3,1006,1006,1006,1004,1004,1002,1002,1002,1002,1000,1000,1004,1004,1006,1006,1010,1010,1012,1012,1014,0.0,0.0,0.0,0.0,0.0,35.0,35.0,35.0,35.0,35.0,35.0,0.0,0.0,0.0,0.0,0.0,0.0,0.0,0.0,0.0,0,0,0,0,0,3,3,3,3,3,3,0,0,0,0,0,0,0,0,0,0.0,0.0,0.0,0.0,0.0,0.0,0.0,0.0,0.0,0.0,0.0,0.0,0.0,0.0,0.0,0.0,0.0,0.0,0.0,0.0,0.0,0.0,0.0,0.0,0.0,0.0,0.0,0.0,0.0,0.0,0.0,0.0,0.0,0.0,0.0,0.0,0.0,0.0,0.0,0.0,0,0,0,0,0,3,3,3,3,4,4,0,0,0,0,0,0,0,0,0,0.0,0.0,0.0,0.0,0.0,90.0,100.0,130.0,130.0,200.0,200.0,0.0,0.0,0.0,0.0,0.0,0.0,0.0,0.0,0.0,0.0,0.0,0.0,0.0,0.0,30.0,40.0,40.0,50.0,50.0,50.0,0.0,0.0,0.0,0.0,0.0,0.0,0.0,0.0,0.0,0,0,0,0,0,0,0,0,0,0,0,0,0,0,0,0,0,0,0,0
2216,4,4,4,4,4,4,5,5,5,5,2,2,6,6,6,6,6,6,6,6,17.4,17.6,17.7,17.7,17.9,18.0,17.9,17.6,17.6,17.5,16.9,16.3,15.8,15.4,15.2,15.0,15.0,15.2,15.5,16.2,133.0,133.7,134.2,134.4,134.4,134.1,133.5,132.4,131.3,130.6,129.2,128.1,126.9,126.0,124.7,123.6,122.5,121.4,119.7,118.4,1004,1006,1004,1004,1002,1002,1000,1000,998,994,992,985,975,960,950,940,940,955,970,975,0.0,0.0,0.0,0.0,0.0,0.0,35.0,35.0,40.0,45.0,50.0,60.0,70.0,80.0,90.0,95.0,95.0,85.0,75.0,70.0,0,0,0,0,0,0,3,3,3,3,3,1,1,1,1,1,1,1,1,1,0.0,0.0,0.0,0.0,0.0,0.0,0.0,0.0,0.0,0.0,0.0,40.0,40.0,40.0,50.0,50.0,50.0,40.0,35.0,35.0,0.0,0.0,0.0,0.0,0.0,0.0,0.0,0.0,0.0,0.0,0.0,40.0,40.0,40.0,50.0,50.0,50.0,40.0,35.0,35.0,0,0,0,0,0,0,1,1,1,1,8,8,8,8,8,8,8,1,1,1,0.0,0.0,0.0,0.0,0.0,0.0,90.0,90.0,90.0,90.0,120.0,120.0,120.0,120.0,120.0,120.0,120.0,120.0,120.0,120.0,0.0,0.0,0.0,0.0,0.0,0.0,90.0,90.0,90.0,90.0,90.0,90.0,90.0,90.0,90.0,90.0,90.0,120.0,120.0,120.0,0,0,0,0,0,0,0,0,0,0,0,0,0,0,0,0,0,0,0,0
2217,4,4,4,4,5,5,5,2,2,2,2,2,2,2,2,2,2,2,2,0,19.9,20.6,21.0,22.1,23.1,24.5,25.9,27.0,27.6,28.0,29.3,29.9,31.0,32.1,33.3,34.6,36.5,38.7,42.0,44.4,147.3,146.0,145.2,144.8,144.2,143.4,142.4,142.0,141.8,141.7,141.9,142.6,144.2,145.5,147.4,150.3,153.0,156.0,159.0,162.6,1006,1004,1004,1002,998,996,994,990,990,990,990,990,980,975,975,975,970,970,965,960,0.0,0.0,0.0,0.0,35.0,35.0,40.0,50.0,50.0,50.0,50.0,50.0,55.0,60.0,60.0,60.0,60.0,55.0,55.0,0.0,0,0,0,0,3,3,3,3,3,3,3,3,8,8,8,1,1,1,2,0,0.0,0.0,0.0,0.0,0.0,0.0,0.0,0.0,0.0,0.0,0.0,0.0,80.0,80.0,80.0,80.0,80.0,80.0,120.0,0.0,0.0,0.0,0.0,0.0,0.0,0.0,0.0,0.0,0.0,0.0,0.0,0.0,60.0,60.0,60.0,80.0,80.0,80.0,80.0,0.0,0,0,0,0,2,2,2,2,2,2,2,7,7,7,7,1,1,1,1,0,0.0,0.0,0.0,0.0,180.0,180.0,180.0,180.0,180.0,180.0,180.0,180.0,180.0,210.0,210.0,210.0,270.0,350.0,400.0,0.0,0.0,0.0,0.0,0.0,90.0,90.0,120.0,120.0,120.0,120.0,120.0,150.0,150.0,150.0,150.0,210.0,270.0,350.0,400.0,0.0,0,0,0,0,0,0,0,0,0,0,0,0,0,0,0,0,0,0,0,0
2218,4,4,5,5,5,2,2,2,6,6,6,6,6,2,2,2,2,0,0,0,21.1,21.6,23.0,23.8,24.9,25.3,25.8,26.1,26.6,27.6,28.2,28.9,30.1,31.1,31.8,33.0,34.0,35.4,36.6,37.0,132.5,132.1,131.7,131.7,131.6,131.9,132.1,132.6,133.1,134.3,136.0,138.1,140.1,142.7,144.5,146.6,148.3,149.9,152.1,154.6,1004,1002,1000,998,994,992,990,985,980,980,975,975,980,990,992,992,992,992,992,992,0.0,0.0,35.0,40.0,45.0,50.0,55.0,60.0,65.0,65.0,70.0,70.0,65.0,55.0,50.0,50.0,50.0,0.0,0.0,0.0,0,0,3,3,3,3,1,1,1,1,1,1,1,1,3,3,3,0,0,0,0.0,0.0,0.0,0.0,0.0,0.0,30.0,30.0,40.0,40.0,40.0,40.0,30.0,30.0,0.0,0.0,0.0,0.0,0.0,0.0,0.0,0.0,0.0,0.0,0.0,0.0,30.0,30.0,40.0,40.0,40.0,40.0,30.0,30.0,0.0,0.0,0.0,0.0,0.0,0.0,0,0,4,4,4,4,4,4,4,4,4,4,2,2,2,2,4,0,0,0,0.0,0.0,120.0,120.0,120.0,120.0,120.0,120.0,120.0,120.0,120.0,120.0,120.0,120.0,120.0,120.0,200.0,0.0,0.0,0.0,0.0,0.0,90.0,90.0,90.0,90.0,90.0,90.0,90.0,90.0,90.0,90.0,90.0,90.0,90.0,90.0,150.0,0.0,0.0,0.0,0,0,0,0,0,0,0,0,0,0,0,0,0,0,0,0,0,0,0,0
2220,4,4,4,5,5,2,2,2,2,2,6,6,6,6,6,6,6,6,2,2,18.9,19.0,19.0,18.9,18.9,19.3,19.5,19.7,19.9,19.9,19.7,19.4,19.0,18.6,18.2,17.9,17.6,17.3,17.0,17.0,128.2,126.4,125.0,124.1,123.1,122.0,121.0,120.0,118.8,117.8,116.9,116.2,115.5,114.6,113.9,113.1,112.4,111.6,110.9,110.1,998,998,998,996,994,985,985,985,985,985,975,970,965,965,965,965,970,975,990,992,0.0,0.0,0.0,35.0,40.0,50.0,50.0,55.0,55.0,55.0,65.0,70.0,75.0,75.0,75.0,75.0,70.0,65.0,55.0,50.0,0,0,0,3,3,3,3,1,1,1,1,1,1,1,1,1,1,1,1,3,0.0,0.0,0.0,0.0,0.0,0.0,0.0,30.0,30.0,30.0,50.0,50.0,60.0,60.0,60.0,60.0,50.0,40.0,30.0,0.0,0.0,0.0,0.0,0.0,0.0,0.0,0.0,30.0,30.0,30.0,50.0,50.0,60.0,60.0,60.0,60.0,50.0,40.0,30.0,0.0,0,0,0,3,3,3,3,3,5,5,5,5,5,5,5,5,5,5,5,5,0.0,0.0,0.0,240.0,240.0,210.0,210.0,180.0,180.0,180.0,180.0,180.0,180.0,180.0,180.0,180.0,180.0,180.0,150.0,150.0,0.0,0.0,0.0,150.0,150.0,150.0,150.0,120.0,120.0,120.0,120.0,120.0,120.0,120.0,120.0,120.0,120.0,120.0,120.0,120.0,0,0,0,0,0,0,0,0,0,0,0,0,0,0,0,0,0,0,0,0
2222,4,4,4,4,5,5,5,5,5,5,5,2,2,2,2,5,5,5,5,2,10.1,10.3,10.6,10.8,10.9,11.0,11.1,11.3,11.8,12.1,13.3,13.5,13.5,14.0,14.7,15.6,15.6,15.6,15.9,16.1,134.9,134.3,133.7,132.9,132.2,131.3,130.5,129.6,128.4,126.8,125.5,123.7,122.3,121.5,121.1,120.0,118.7,117.9,117.3,117.0,1004,1002,1004,1000,998,996,996,992,992,990,990,985,985,985,985,990,990,990,990,985,0.0,0.0,0.0,0.0,35.0,35.0,35.0,40.0,40.0,45.0,45.0,50.0,50.0,50.0,50.0,45.0,45.0,45.0,45.0,50.0,0,0,0,0,3,3,3,3,3,3,3,3,3,3,3,3,3,3,3,3,0.0,0.0,0.0,0.0,0.0,0.0,0.0,0.0,0.0,0.0,0.0,0.0,0.0,0.0,0.0,0.0,0.0,0.0,0.0,0.0,0.0,0.0,0.0,0.0,0.0,0.0,0.0,0.0,0.0,0.0,0.0,0.0,0.0,0.0,0.0,0.0,0.0,0.0,0.0,0.0,0,0,0,0,1,1,6,6,6,6,6,6,1,1,3,3,3,3,3,3,0.0,0.0,0.0,0.0,350.0,350.0,450.0,450.0,450.0,450.0,450.0,450.0,400.0,400.0,400.0,400.0,400.0,400.0,400.0,400.0,0.0,0.0,0.0,0.0,350.0,350.0,350.0,350.0,350.0,350.0,350.0,350.0,400.0,400.0,350.0,350.0,350.0,350.0,350.0,350.0,0,0,0,0,0,0,0,0,0,0,0,0,0,0,0,0,0,0,0,0
2223,4,4,4,4,4,4,4,4,4,4,5,5,5,5,5,4,4,4,4,4,6.8,7.7,8.2,8.3,8.5,8.8,9.0,9.0,9.1,8.6,8.1,7.3,7.1,7.0,7.0,7.1,7.1,7.2,7.6,7.6,140.4,140.3,140.0,139.8,139.8,139.3,138.7,138.2,136.9,136.0,135.2,134.0,132.6,131.4,130.4,129.8,129.5,129.1,128.9,128.4,1004,1006,1006,1008,1004,1008,1004,1004,1004,1004,1002,1002,1002,1004,1004,1006,1006,1008,1006,1010,0.0,0.0,0.0,0.0,0.0,0.0,0.0,0.0,0.0,0.0,35.0,40.0,35.0,35.0,35.0,0.0,0.0,0.0,0.0,0.0,0,0,0,0,0,0,0,0,0,0,3,3,3,3,3,0,0,0,0,0,0.0,0.0,0.0,0.0,0.0,0.0,0.0,0.0,0.0,0.0,0.0,0.0,0.0,0.0,0.0,0.0,0.0,0.0,0.0,0.0,0.0,0.0,0.0,0.0,0.0,0.0,0.0,0.0,0.0,0.0,0.0,0.0,0.0,0.0,0.0,0.0,0.0,0.0,0.0,0.0,0,0,0,0,0,0,0,0,0,0,6,6,6,6,6,0,0,0,0,0,0.0,0.0,0.0,0.0,0.0,0.0,0.0,0.0,0.0,0.0,50.0,80.0,100.0,100.0,50.0,0.0,0.0,0.0,0.0,0.0,0.0,0.0,0.0,0.0,0.0,0.0,0.0,0.0,0.0,0.0,20.0,20.0,40.0,40.0,20.0,0.0,0.0,0.0,0.0,0.0,0,0,0,0,0,0,0,0,0,0,0,0,0,0,0,0,0,0,0,0
2302,4,4,4,5,5,2,2,2,6,6,6,6,6,6,6,6,6,6,6,6,6.1,6.1,6.1,6.2,6.6,7.0,7.3,7.6,7.9,8.6,9.2,9.8,10.5,11.2,11.8,12.2,12.5,13.1,13.6,13.8,149.6,149.4,149.2,149.1,149.0,148.7,148.4,147.9,147.6,147.3,147.1,146.9,146.9,146.9,146.5,146.0,145.7,145.5,145.2,144.7,1004,1004,1004,1000,994,992,992,990,980,980,975,970,940,940,920,920,920,935,935,935,0.0,0.0,0.0,35.0,45.0,50.0,50.0,55.0,65.0,65.0,70.0,75.0,95.0,95.0,105.0,105.0,105.0,95.0,95.0,95.0,0,0,0,3,3,3,3,1,1,1,1,1,1,1,1,1,1,1,1,1,0.0,0.0,0.0,0.0,0.0,0.0,0.0,20.0,20.0,30.0,30.0,30.0,65.0,65.0,80.0,80.0,80.0,80.0,80.0,80.0,0.0,0.0,0.0,0.0,0.0,0.0,0.0,20.0,20.0,30.0,30.0,30.0,65.0,65.0,80.0,80.0,80.0,80.0,80.0,80.0,0,0,0,1,1,1,1,1,1,1,1,1,1,1,1,1,1,4,4,4,0.0,0.0,0.0,180.0,180.0,180.0,180.0,180.0,180.0,180.0,180.0,180.0,180.0,180.0,180.0,180.0,180.0,180.0,180.0,180.0,0.0,0.0,0.0,180.0,180.0,180.0,180.0,180.0,180.0,180.0,180.0,180.0,180.0,180.0,180.0,180.0,180.0,150.0,150.0,150.0,0,0,0,0,0,0,0,0,0,0,0,0,0,0,0,0,0,0,0,0
2302_1,6,6,6,6,6,6,6,6,6,6,6,6,6,6,6,6,6,6,6,6,14.1,14.2,14.6,14.8,14.9,15.1,15.4,15.7,16.0,16.4,16.6,16.8,17.1,17.2,17.6,18.0,18.6,19.0,19.4,19.7,144.1,143.5,142.8,141.5,140.4,139.2,137.9,136.5,134.9,133.5,132.2,130.9,129.7,128.7,127.9,127.4,126.7,126.2,125.8,125.6,935,925,905,900,900,900,900,900,900,910,925,945,945,945,945,945,945,945,945,945,95.0,100.0,110.0,115.0,115.0,115.0,115.0,115.0,115.0,105.0,95.0,85.0,85.0,85.0,85.0,85.0,85.0,85.0,85.0,85.0,1,1,1,1,1,1,1,1,1,5,5,5,5,5,5,2,2,2,2,8,80.0,90.0,100.0,100.0,100.0,100.0,100.0,100.0,100.0,120.0,130.0,130.0,130.0,130.0,120.0,120.0,120.0,120.0,120.0,120.0,80.0,90.0,100.0,100.0,100.0,100.0,100.0,100.0,100.0,100.0,90.0,90.0,90.0,90.0,80.0,80.0,80.0,80.0,80.0,80.0,4,4,4,4,4,4,4,4,4,4,4,4,4,4,4,2,2,2,2,7,180.0,240.0,240.0,270.0,270.0,270.0,270.0,300.0,300.0,375.0,375.0,375.0,375.0,425.0,425.0,425.0,425.0,425.0,425.0,400.0,150.0,180.0,180.0,180.0,180.0,240.0,240.0,240.0,240.0,300.0,300.0,300.0,300.0,325.0,325.0,325.0,325.0,300.0,300.0,300.0,0,0,0,0,0,0,0,0,0,0,0,0,0,0,0,0,0,0,0,0
2302_2,6,6,6,6,6,6,6,6,6,6,2,2,2,2,2,2,2,2,2,2,20.1,20.3,20.6,20.8,21.2,21.4,22.2,22.5,22.7,23.0,23.6,23.8,24.1,24.6,24.9,25.4,25.9,26.4,26.9,27.2,125.4,125.1,125.0,125.0,125.0,125.1,125.3,125.4,125.4,125.5,125.6,125.7,125.8,126.0,126.1,126.6,127.1,127.6,128.1,128.8,945,950,950,955,955,955,960,960,960,960,965,965,970,970,970,970,970,970,970,970,85.0,80.0,80.0,70.0,70.0,70.0,65.0,65.0,65.0,65.0,60.0,60.0,50.0,50.0,50.0,50.0,50.0,50.0,50.0,50.0,8,8,8,8,8,8,8,8,8,8,2,2,3,3,3,3,3,3,3,3,120.0,120.0,120.0,100.0,100.0,100.0,100.0,100.0,100.0,100.0,90.0,90.0,0.0,0.0,0.0,0.0,0.0,0.0,0.0,0.0,80.0,80.0,80.0,70.0,70.0,70.0,70.0,70.0,60.0,60.0,60.0,60.0,0.0,0.0,0.0,0.0,0.0,0.0,0.0,0.0,7,7,7,7,7,7,7,7,7,7,7,7,7,7,7,7,2,2,2,2,400.0,400.0,400.0,375.0,375.0,375.0,375.0,375.0,375.0,375.0,375.0,375.0,350.0,350.0,350.0,350.0,325.0,325.0,325.0,325.0,300.0,270.0,270.0,240.0,240.0,240.0,240.0,240.0,240.0,240.0,240.0,240.0,240.0,240.0,240.0,240.0,240.0,240.0,240.0,240.0,0,0,0,0,0,0,0,0,0,0,0,0,0,0,0,0,0,0,0,0
2303,4,4,5,5,5,5,5,2,2,2,6,6,6,6,6,6,6,6,6,6,12.8,13.1,13.6,14.1,14.7,15.0,15.1,15.5,15.8,16.0,16.3,16.8,17.2,17.8,18.1,18.5,18.9,19.9,20.7,21.8,135.0,135.1,135.1,134.9,134.3,133.8,133.2,132.4,131.6,131.1,130.8,130.4,130.4,130.1,129.9,129.9,129.9,130.2,130.5,131.1,1004,1002,1000,1000,998,996,992,990,985,980,970,965,965,965,965,960,960,960,960,965,0.0,0.0,35.0,35.0,40.0,40.0,45.0,50.0,55.0,60.0,70.0,75.0,75.0,75.0,75.0,80.0,80.0,80.0,75.0,70.0,0,0,3,3,3,3,3,3,1,1,1,1,1,1,1,1,1,2,2,2,0.0,0.0,0.0,0.0,0.0,0.0,0.0,0.0,60.0,60.0,60.0,60.0,60.0,60.0,60.0,70.0,70.0,80.0,80.0,80.0,0.0,0.0,0.0,0.0,0.0,0.0,0.0,0.0,60.0,60.0,60.0,60.0,60.0,60.0,60.0,70.0,70.0,60.0,60.0,60.0,0,0,2,2,2,2,2,2,2,2,4,4,4,4,4,4,4,2,2,2,0.0,0.0,180.0,180.0,180.0,180.0,210.0,210.0,210.0,210.0,240.0,240.0,240.0,240.0,240.0,240.0,240.0,240.0,240.0,240.0,0.0,0.0,120.0,120.0,120.0,120.0,150.0,150.0,150.0,150.0,180.0,180.0,210.0,210.0,210.0,210.0,210.0,180.0,180.0,180.0,0,0,0,0,0,0,0,0,0,0,0,0,0,0,0,0,0,0,0,0
2303_1,6,2,2,2,2,2,0,0,0,0,0,0,0,0,0,0,0,0,0,0,23.0,24.2,25.6,26.4,27.9,29.5,30.5,32.0,33.6,34.5,35.8,38.1,38.5,39.1,39.3,39.0,38.7,38.9,38.9,39.3,131.7,132.6,133.8,135.3,136.9,138.1,139.5,142.0,144.0,146.4,148.8,152.0,155.0,158.5,162.0,166.5,169.5,171.0,172.8,174.5,970,975,980,980,980,985,990,990,992,992,996,996,996,996,996,998,998,996,994,990,65.0,60.0,55.0,55.0,55.0,50.0,0.0,0.0,0.0,0.0,0.0,0.0,0.0,0.0,0.0,0.0,0.0,0.0,0.0,0.0,8,8,8,8,8,3,0,0,0,0,0,0,0,0,0,0,0,0,0,0,80.0,80.0,80.0,70.0,60.0,0.0,0.0,0.0,0.0,0.0,0.0,0.0,0.0,0.0,0.0,0.0,0.0,0.0,0.0,0.0,60.0,60.0,60.0,50.0,40.0,0.0,0.0,0.0,0.0,0.0,0.0,0.0,0.0,0.0,0.0,0.0,0.0,0.0,0.0,0.0,7,7,7,7,7,7,0,0,0,0,0,0,0,0,0,0,0,0,0,0,240.0,270.0,300.0,300.0,300.0,300.0,0.0,0.0,0.0,0.0,0.0,0.0,0.0,0.0,0.0,0.0,0.0,0.0,0.0,0.0,150.0,150.0,150.0,150.0,150.0,150.0,0.0,0.0,0.0,0.0,0.0,0.0,0.0,0.0,0.0,0.0,0.0,0.0,0.0,0.0,0,0,0,0,0,0,0,0,0,0,0,0,0,0,0,0,0,0,0,0
